dataset,split,num_experts,points_per_split,nlpd_single_gp,nlpd_experts,nlpd_gpoe,nlpd_phs,nlpd_bhs
yacht,0,2,2,2.8663832121313457,1.4580368782591129,0.9417328076784668,0.19547091,0.7705245
yacht,1,2,2,0.2693042163995594,0.8910301776587279,0.4932462935230821,-0.24735124,0.0662692
yacht,0,2,5,2.8663832121313457,1.4580368782591129,0.9417328076784668,0.2964281,0.77111036
yacht,1,2,5,0.2693042163995594,0.8910301776587279,0.4932462935230821,-0.053952117,0.03297155
yacht,0,4,2,2.8663832121313457,2.1331878348846365,1.4408691924158694,0.8961242,0.3521553
yacht,0,2,10,2.8663832121313457,1.4580368782591129,0.9417328076784668,0.14073998,0.7651997
yacht,1,2,10,0.2693042163995594,0.8910301776587279,0.4932462935230821,-0.4482804,-0.0072287126
yacht,0,6,2,2.8663832121313457,2.7634641480924103,2.2561410416098164,1.0991466,0.27777043
yacht,0,4,5,2.8663832121313457,2.1331878348846365,1.4408691924158694,0.46415678,0.34545907
yacht,1,4,2,0.2693042163995594,0.6999447203095146,-0.0410883175366428,-0.16274053,-0.20317778
yacht,2,2,2,-0.474917398489785,0.899740253331216,0.6262339126911756,0.11941797,0.07221028
yacht,1,6,2,0.2693042163995594,1.8257824404451648,0.3165699658641419,-0.21783389,-0.41137704
yacht,2,2,5,-0.474917398489785,0.899740253331216,0.6262339126911756,0.30037746,0.071980596
yacht,1,4,5,0.2693042163995594,0.6999447203095146,-0.0410883175366428,-0.20445287,-0.21069619
yacht,2,4,2,-0.474917398489785,1.8948106811424703,1.2250331084260615,0.55550474,-0.2520827
yacht,2,2,10,-0.474917398489785,0.899740253331216,0.6262339126911756,-0.181248,0.058571197
yacht,2,6,2,-0.474917398489785,1.875884809060539,1.2383272648809809,0.5393576,-0.17248437
yacht,3,2,2,-1.1729176687342933,-0.7560945755103319,-0.8604110266256391,-1.0374925,-0.8051172
yacht,3,2,5,-1.1729176687342933,-0.7560945755103319,-0.8604110266256391,-1.1773944,-0.82036537
yacht,2,4,5,-0.4614061005294896,1.6498501900902487,1.17602931909617,0.46972325,-0.26628911
yacht,3,4,2,-1.1729176687342933,-0.24330982365340897,-0.7146671427295772,-0.8149115,-0.83749276
yacht,3,2,10,-1.1729176687342933,-0.7560945755103319,-0.8604110266256391,-1.2031196,-0.82106066
yacht,3,4,5,-1.1729176687342933,-0.24330982365340897,-0.7146671427295772,-0.7678154,-0.85845923
yacht,3,6,2,-1.1729176687342933,-0.2900439857076767,-0.5525365266831833,-0.61444354,-0.5398731
yacht,1,6,5,0.25398768917236586,2.224684995253288,0.48349054146264575,-0.29198918,-0.5048944
yacht,0,6,5,2.9600901322794497,3.5737103587570673,3.114444289552779,1.270981,0.34879044
yacht,2,6,5,-0.4614061005294896,2.152693896284356,1.3429859086195424,0.4934792,-0.2837555
yacht,0,4,10,2.9600901322794497,2.3495172550468157,1.7299082145356268,0.6398403,0.5584918
yacht,4,2,2,-1.1623147077393454,-0.6351452983576117,-0.9055278414041366,-0.94028986,-0.80833143
yacht,2,4,10,-0.4614061005294896,1.6498501900902487,1.17602931909617,0.88342613,-0.24031226
yacht,4,2,5,-1.1623147077393454,-0.6351452983576117,-0.9055278414041366,-0.9335956,-0.802531
yacht,4,4,2,-1.1623147077393454,-0.39710532255980574,-0.736428697621404,-0.7860464,-0.62907857
yacht,1,4,10,0.25398768917236586,0.7317623018933296,-0.028813929033631995,-0.27716613,-0.2728236
yacht,4,2,10,-1.1623147077393454,-0.6351452983576117,-0.9055278414041366,-0.9615423,-0.8069087
yacht,3,4,10,-1.1729176687342933,-0.24330982365340897,-0.7146671427295772,-0.9355358,-0.9300179
yacht,4,6,2,-1.1623147077393454,0.005329580658968429,-0.7557079631351942,-0.7806097,-0.52701
yacht,4,4,5,-1.1623147077393454,-0.39710532255980574,-0.736428697621404,-0.80775017,-0.65553975
yacht,5,2,2,-0.6504945486907512,-0.4746396401265926,-0.6599351844444616,-0.7970907,-0.7278563
yacht,5,2,5,-0.6504945486907512,-0.4746396401265926,-0.6599351844444616,-0.8075586,-0.7531264
yacht,5,4,2,-0.6504945486907512,0.17254767424890993,-0.25294865308571374,-0.61692923,-0.6860731
yacht,3,6,5,-1.1729176687342933,-0.2900439857076767,-0.5525365266831833,-0.69976175,-0.5567051
yacht,5,2,10,-0.6504945486907512,-0.4746396401265926,-0.6599351844444616,-0.8944255,-0.7990062
yacht,5,4,5,-0.6504945486907512,0.17254767424890993,-0.25294865308571374,-0.84366125,-0.74843335
yacht,6,2,2,-1.1452929858452392,-0.3993986387186751,-0.7049864992410484,-0.79048574,-0.7260877
yacht,5,6,2,-0.6504945486907512,0.09668314441791763,-0.5101450079735628,-0.60352063,-0.49333012
yacht,6,2,5,-1.1452929858452392,-0.3993986387186751,-0.7049864992410484,-0.84262204,-0.72653526
yacht,4,6,5,-1.1623147077393454,0.005329580658968429,-0.7557079631351942,-0.8455984,-0.53131336
yacht,6,2,10,-1.1452929858452392,-0.3993986387186751,-0.7049864992410484,-0.9054967,-0.7244068
yacht,4,4,10,-1.1623147077393454,-0.39710532255980574,-0.736428697621404,-0.7760796,-0.6654381
yacht,6,4,2,-1.1452929858452392,0.11409917081930507,-0.8796987613000783,-0.8351793,-0.66429496
yacht,6,4,5,-1.1452929858452392,0.11409917081930507,-0.8796987613000783,-0.8976866,-0.7400233
yacht,5,6,5,-0.6504945486907512,0.09668314441791763,-0.5101450079735628,-0.64532834,-0.5309239
yacht,5,4,10,-0.6504945486907512,0.17254767424890993,-0.25294865308571374,-0.8022629,-0.7900114
yacht,6,6,2,-1.1452929858452392,-0.15160349689224992,-0.78978423756311,-0.74729776,-0.5479186
yacht,7,2,5,-0.5032271130671654,0.5011372254471105,-0.06260793507139283,-0.45745832,-0.50380385
yacht,7,2,2,-0.5032271130671654,0.5011372254471105,-0.06260793507139283,-0.52223575,-0.5129314
yacht,7,4,2,-0.5032271130671654,0.5981646184883859,0.07971527934910524,-0.043068454,-0.5125181
yacht,7,2,10,-0.5032271130671654,0.5011372254471105,-0.06260793507139283,-0.46164623,-0.50008994
yacht,7,4,5,-0.5032271130671654,0.5981646184883859,0.07971527934910524,-0.1346977,-0.55136913
yacht,7,6,2,-0.5032271130671654,1.2001335297738023,0.4556385428180842,0.060067423,-0.35761762
yacht,6,6,5,-1.1452929858452392,-0.15160349689224992,-0.78978423756311,-0.8026527,-0.6435458
yacht,8,2,2,-0.9561357711631402,-0.4755968301866658,-0.571840836588719,-0.6197666,-0.6168845
yacht,8,2,5,-0.9561357711631402,-0.4755968301866658,-0.571840836588719,-0.7015778,-0.6484739
yacht,8,2,10,-0.9561357711631402,-0.4755968301866658,-0.571840836588719,-0.79604554,-0.67866915
yacht,8,4,2,-0.9561357711631402,-0.3380784843042623,-0.592213468427925,-0.6575159,-0.6926817
yacht,6,4,10,-1.1452929858452392,0.11409917081930507,-0.8796987613000783,-0.9688179,-0.81615686
yacht,7,4,10,-0.5032271130671654,0.5981646184883859,0.07971527934910524,-0.21410412,-0.5768971
yacht,7,6,5,-0.5032271130671654,1.2001335297738023,0.4556385428180842,0.06487051,-0.3723227
yacht,8,4,5,-0.9561357711631402,-0.3380784843042623,-0.592213468427925,-0.7356647,-0.7163635
yacht,8,6,2,-0.9561357711631402,-0.3046100679055779,-0.726742891019963,-0.7629126,-0.5698668
yacht,3,6,10,-1.1729176687342933,-0.2900439857076767,-0.5525365266831833,-0.7707981,-0.60337454
yacht,9,2,2,-0.33166610925973555,-0.2319210930252059,-0.44793794695773975,-0.55421746,-0.47724244
yacht,9,2,5,-0.33166610925973555,-0.2319210930252059,-0.44793794695773975,-0.5242739,-0.48776972
yacht,9,2,10,-0.33166610925973555,-0.2319210930252059,-0.44793794695773975,-0.600113,-0.49247152
yacht,9,4,2,-0.33166610925973555,0.5961756783004742,-0.030733040921825484,-0.37587687,-0.5477068
yacht,8,4,10,-0.9561357711631402,-0.3380784843042623,-0.592213468427925,-0.7237303,-0.7658438
yacht,9,4,5,-0.33166610925973555,0.5961756783004742,-0.030733040921825484,-0.35979855,-0.57105416
yacht,8,6,5,-0.9561357711631402,-0.3046100679055779,-0.726742891019963,-0.7853462,-0.65937525
yacht,4,6,10,-1.1623147077393454,0.005329580658968429,-0.7557079631351942,-0.9182653,-0.55182683
yacht,9,6,2,-0.33166610925973555,0.5157446140607744,-0.2406158150648068,-0.4594427,-0.5257566
autompg,0,2,2,2.3998651658614825,2.5047262999843234,2.481408091504479,2.4380176,2.4720223
yacht,0,6,10,2.9600901322794497,3.5737103587570673,3.114444289552779,0.5243809,0.40718216
autompg,0,2,5,2.3998651658614825,2.5047262999843234,2.481408091504479,2.413737,2.4740179
autompg,0,2,10,2.3998651658614825,2.5047262999843234,2.481408091504479,2.3184514,2.4709861
autompg,0,4,2,2.3998651658614825,2.528421726458663,2.4661892866696355,2.4028442,2.4335132
yacht,6,6,10,-1.1452929858452392,-0.15160349689224992,-0.78978423756311,-0.8148699,-0.6689998
autompg,0,4,5,2.3998651658614825,2.528421726458663,2.4661892866696355,2.361261,2.4368396
yacht,9,4,10,-0.33166610925973555,0.5961756783004742,-0.030733040921825484,-0.5066121,-0.57252836
autompg,0,6,2,2.3998651658614825,2.5469796614423417,2.397220839000772,2.3661158,2.4030426
yacht,1,6,10,0.25398768917236586,2.224684995253288,0.48349054146264575,-0.14658476,-0.545318
autompg,1,2,2,2.317374723230612,2.389033871578686,2.3612804319771246,2.3570704,2.3767843
yacht,9,6,5,-0.33166610925973555,0.5157446140607744,-0.2406158150648068,-0.5662644,-0.55032754
autompg,1,4,2,2.317374723230612,2.409858839816503,2.3247812454675296,2.322809,2.358327
autompg,1,2,5,2.317374723230612,2.389033871578686,2.3612804319771246,2.3751237,2.376147
yacht,2,6,10,-0.4614061005294896,2.152693896284356,1.3429859086195424,0.32943773,-0.31278682
autompg,1,2,10,2.317374723230612,2.389033871578686,2.3612804319771246,2.3670044,2.3768837
autompg,1,6,2,2.317374723230612,2.4952842349971687,2.3676811288490027,2.3743703,2.3873937
autompg,1,4,5,2.317374723230612,2.409858839816503,2.3247812454675296,2.3163517,2.3577347
autompg,2,2,2,2.477492034605903,2.560348710570352,2.528893823250621,2.5057714,2.5064263
autompg,2,2,5,2.477492034605903,2.560348710570352,2.528893823250621,2.5315118,2.5072055
autompg,0,6,5,2.3998651658614825,2.5469796614423417,2.397220839000772,2.3655033,2.400451
autompg,2,4,2,2.477492034605903,2.6422451976942725,2.5872798401002077,2.5883641,2.5526457
autompg,2,2,10,2.477492034605903,2.560348710570352,2.528893823250621,2.579059,2.5070713
autompg,0,4,10,2.3998651658614825,2.528421726458663,2.4661892866696355,2.3616915,2.433391
autompg,2,4,5,2.477492034605903,2.6422451976942725,2.5872798401002077,2.565344,2.5493202
autompg,2,6,2,2.477492034605903,2.754436736309374,2.5945106418025548,2.5609844,2.5121133
autompg,1,4,10,2.317374723230612,2.409858839816503,2.3247812454675296,2.3120174,2.3439293
autompg,1,6,5,2.317374723230612,2.4952842349971687,2.3676811288490027,2.3731334,2.3885536
autompg,3,2,2,2.264211886961934,2.305170773260927,2.2843263910679883,2.2587698,2.2738652
autompg,3,2,5,2.264211886961934,2.305170773260927,2.2843263910679883,2.22745,2.269693
autompg,3,4,2,2.264211886961934,2.3165916693302835,2.244365619728418,2.177195,2.2355702
yacht,5,6,10,-0.6504945486907512,0.09668314441791763,-0.5101450079735628,-0.66391224,-0.5671806
autompg,3,2,10,2.264211886961934,2.305170773260927,2.2843263910679883,2.2468207,2.269471
autompg,3,4,5,2.264211886961934,2.3165916693302835,2.244365619728418,2.1441615,2.2326155
autompg,3,6,2,2.264211886961934,2.3616104565243377,2.2305547474883682,2.1761875,2.2605717
autompg,4,2,2,2.2958378302306643,2.3406070513516983,2.31059017381157,2.3527305,2.333752
autompg,2,6,5,2.477492034605903,2.754436736309374,2.5945106418025548,2.5141034,2.5145948
autompg,2,4,10,2.477492034605903,2.6422451976942725,2.5872798401002077,2.5648468,2.553513
autompg,4,2,5,2.2958378302306643,2.3406070513516983,2.31059017381157,2.3110664,2.3327832
autompg,4,2,10,2.2958378302306643,2.3406070513516983,2.31059017381157,2.2977772,2.3315709
autompg,4,4,2,2.2958378302306643,2.4078084918665326,2.3158507093815994,2.3129985,2.3512206
autompg,3,4,10,2.264211886961934,2.3165916693302835,2.244365619728418,2.1359348,2.227939
autompg,4,6,2,2.2958378302306643,2.44423417561235,2.3281460160837293,2.32806,2.3794913
autompg,3,6,5,2.264211886961934,2.3616104565243377,2.2305547474883682,2.1755497,2.2648065
autompg,4,4,5,2.2958378302306643,2.4078084918665326,2.3158507093815994,2.3237317,2.3621833
yacht,8,6,10,-0.9561357711631402,-0.3046100679055779,-0.726742891019963,-0.84263104,-0.6866522
autompg,5,2,2,2.3619365911713954,2.437622328570405,2.4065489240363505,2.3960545,2.3780046
autompg,5,2,5,2.3619365911713954,2.437622328570405,2.4065489240363505,2.3553674,2.379481
autompg,5,2,10,2.3619365911713954,2.437622328570405,2.4065489240363505,2.3287733,2.3763475
autompg,5,4,2,2.3619365911713954,2.468902650652866,2.3781752696443914,2.352082,2.3629637
yacht,7,6,10,-0.5032271130671654,1.2001335297738023,0.4556385428180842,0.001846375,-0.38188583
autompg,5,4,5,2.3619365911713954,2.468902650652866,2.3781752696443914,2.345714,2.3612719
autompg,5,6,2,2.3619365911713954,2.561539526805511,2.457058092897036,2.4424174,2.444525
autompg,6,2,2,2.6373366950776083,2.673906733203326,2.6360225649913245,2.5402846,2.5424235
autompg,4,4,10,2.2958378302306643,2.4078084918665326,2.3158507093815994,2.3221753,2.3590415
autompg,4,6,5,2.2958378302306643,2.44423417561235,2.3281460160837293,2.3211584,2.3753235
autompg,6,4,2,2.6373366950776083,2.6601369970804267,2.5848166589576627,2.5184088,2.5331213
autompg,6,2,10,2.6373366950776083,2.673906733203326,2.6360225649913245,2.4546251,2.5437336
autompg,6,2,5,2.6373366950776083,2.673906733203326,2.6360225649913245,2.5208228,2.5433753
autompg,6,6,2,2.6373366950776083,2.739064354647842,2.627171045337249,2.6080847,2.5586293
autompg,6,4,5,2.6373366950776083,2.6601369970804267,2.5848166589576627,2.534474,2.5330935
autompg,5,4,10,2.3619365911713954,2.468902650652866,2.3781752696443914,2.3444417,2.3668857
autompg,5,6,5,2.3619365911713954,2.561539526805511,2.457058092897036,2.4507678,2.451179
autompg,7,2,2,2.558248663079847,2.5603090445955035,2.5248933240401388,2.48094,2.526115
yacht,9,6,10,-0.33166610925973555,0.5157446140607744,-0.2406158150648068,-0.5807214,-0.60316026
autompg,7,2,5,2.558248663079847,2.5603090445955035,2.5248933240401388,2.4707441,2.5248256
autompg,7,2,10,2.558248663079847,2.5603090445955035,2.5248933240401388,2.4734342,2.5301409
autompg,7,4,2,2.558248663079847,2.585533704984563,2.505932340523598,2.4694023,2.4981244
autompg,7,4,5,2.558248663079847,2.585533704984563,2.505932340523598,2.4642036,2.4975538
autompg,7,6,2,2.558248663079847,2.564180792283989,2.471372932982216,2.4521894,2.429397
autompg,0,6,10,2.3998651658614825,2.5469796614423417,2.397220839000772,2.3313763,2.3889513
autompg,6,6,5,2.6373366950776083,2.739064354647842,2.627171045337249,2.5421062,2.5612078
autompg,6,4,10,2.6373366950776083,2.6601369970804267,2.5848166589576627,2.4645422,2.5318
autompg,8,2,2,2.360382458356033,2.4348903096993517,2.392022393171506,2.3735733,2.3969502
autompg,8,2,5,2.360382458356033,2.4348903096993517,2.392022393171506,2.325571,2.3948765
autompg,8,2,10,2.360382458356033,2.4348903096993517,2.392022393171506,2.3304756,2.3915112
autompg,8,4,2,2.360382458356033,2.550127724328059,2.4348055646005644,2.407064,2.4086566
autompg,8,6,2,2.360382458356033,2.8178438203595224,2.621341931293806,2.5804718,2.4480174
autompg,8,4,5,2.360382458356033,2.550127724328059,2.4348055646005644,2.405868,2.4107714
autompg,7,6,5,2.558248663079847,2.564180792283989,2.471372932982216,2.4486215,2.4265873
autompg,7,4,10,2.558248663079847,2.585533704984563,2.505932340523598,2.4785414,2.4961207
autompg,9,2,2,2.1616183572477308,2.268862879028852,2.244165796687616,2.23598,2.2351732
autompg,9,2,5,2.1616183572477308,2.268862879028852,2.244165796687616,2.1957707,2.2335968
autompg,2,6,10,2.477492034605903,2.754436736309374,2.5945106418025548,2.4954166,2.5135763
autompg,9,4,2,2.1616183572477308,2.332348299425543,2.282530619804468,2.2355738,2.2476203
autompg,9,2,10,2.1616183572477308,2.268862879028852,2.244165796687616,2.1769269,2.2344189
autompg,9,4,5,2.1616183572477308,2.332348299425543,2.282530619804468,2.228573,2.2435362
autompg,9,6,2,2.1616183572477308,2.405516999490026,2.294966098231686,2.2505305,2.2545962
autompg,4,6,10,2.2958378302306643,2.44423417561235,2.3281460160837293,2.3265476,2.376151
concreteslump,0,2,2,4.569236052624083,4.74678254817712,4.726936991591588,4.6822596,4.7398505
autompg,1,6,10,2.317374723230612,2.4952842349971687,2.3676811288490027,2.3534596,2.3717701
autompg,8,6,5,2.360382458356033,2.8178438203595224,2.621341931293806,2.5479546,2.452337
concreteslump,0,2,5,4.569236052624083,4.74678254817712,4.726936991591588,4.664226,4.7394867
autompg,8,4,10,2.360382458356033,2.550127724328059,2.4348055646005644,2.3924875,2.4128988
concreteslump,0,4,2,4.569236052624083,5.219613369291718,4.976783758963515,5.0323234,5.0842757
concreteslump,0,2,10,4.569236052624083,4.74678254817712,4.726936991591588,4.5876303,4.7419224
concreteslump,0,4,5,4.569236052624083,5.219613369291718,4.976783758963515,5.0350947,5.0753736
autompg,9,4,10,2.1616183572477308,2.332348299425543,2.282530619804468,2.245971,2.2398353
concreteslump,0,6,2,4.569236052624083,5.671930574971523,5.515125671281523,5.470448,5.4070907
concreteslump,1,2,2,4.633683861346589,4.932583938845902,4.918656737488587,4.941877,4.9261494
concreteslump,1,2,5,4.633683861346589,4.932583938845902,4.918656737488587,5.0002236,4.925422
concreteslump,1,2,10,4.633683861346589,4.932583938845902,4.918656737488587,4.9604177,4.926368
autompg,9,6,5,2.1616183572477308,2.405516999490026,2.294966098231686,2.267251,2.2512457
concreteslump,1,4,2,4.633683861346589,6.321608709233133,6.052352604084837,6.1137223,5.5734277
concreteslump,1,6,2,4.633683861346589,6.385676376846656,5.711592681226416,6.115645,5.722677
concreteslump,1,4,5,4.633683861346589,6.321608709233133,6.052352604084837,6.293878,5.576918
autompg,6,6,10,2.6373366950776083,2.739064354647842,2.627171045337249,2.5357127,2.555772
concreteslump,2,2,2,4.526178199199496,4.677729924098108,4.648952970354622,4.5920396,4.673556
concreteslump,2,2,5,4.526178199199496,4.677729924098108,4.648952970354622,4.45578,4.672844
concreteslump,0,4,10,4.569236052624083,5.219613369291718,4.976783758963515,5.020249,5.0861354
autompg,5,6,10,2.3619365911713954,2.561539526805511,2.457058092897036,2.4212687,2.4479957
concreteslump,0,6,5,4.569236052624083,5.671930574971523,5.515125671281523,5.4564333,5.3973436
concreteslump,2,2,10,4.526178199199496,4.677729924098108,4.648952970354622,4.3043323,4.670881
concreteslump,2,4,2,4.526178199199496,5.15253172252742,4.939249877553027,4.941708,5.059573
concreteslump,1,4,10,4.633683861346589,6.321608709233133,6.052352604084837,5.896763,5.526903
concreteslump,2,4,5,4.526178199199496,5.15253172252742,4.939249877553027,4.9352555,5.056987
concreteslump,2,6,2,4.526178199199496,5.325274879235818,5.02873318244543,5.0606546,5.178083
concreteslump,3,2,2,4.6467961978634875,4.895308265106483,4.803635497654572,4.7620034,4.8686514
concreteslump,3,2,5,4.6467961978634875,4.895308265106483,4.803635497654572,4.70205,4.869067
concreteslump,1,6,5,4.633683861346589,6.385676376846656,5.711592681226416,6.1358714,5.7257376
concreteslump,3,2,10,4.6467961978634875,4.895308265106483,4.803635497654572,4.6948853,4.868431
concreteslump,3,4,2,4.6467961978634875,5.633437430253586,5.376153747254311,5.341795,5.3339944
concreteslump,3,6,2,4.6467961978634875,5.631999874784417,5.200485770482989,5.234545,5.3040257
concreteslump,3,4,5,4.6467961978634875,5.633437430253586,5.376153747254311,5.317373,5.306059
concreteslump,2,6,5,4.526178199199496,5.325274879235818,5.02873318244543,5.0315676,5.173394
concreteslump,4,2,2,4.571055291257076,4.728226033795832,4.699930658847431,4.6727304,4.723102
autompg,3,6,10,2.264211886961934,2.3616104565243377,2.2305547474883682,2.1687362,2.253144
concreteslump,4,2,5,4.571055291257076,4.728226033795832,4.699930658847431,4.5571656,4.722151
concreteslump,4,2,10,4.571055291257076,4.728226033795832,4.699930658847431,4.486376,4.721577
concreteslump,4,4,2,4.571055291257076,5.1820343916205855,5.002972674450893,4.970092,5.0079045
concreteslump,2,4,10,4.526178199199496,5.15253172252742,4.939249877553027,4.92929,5.048046
concreteslump,4,4,5,4.571055291257076,5.1820343916205855,5.002972674450893,4.9475484,5.010838
concreteslump,4,6,2,4.571055291257076,5.5617595059761085,5.084361828267242,5.137845,5.215053
concreteslump,3,6,5,4.6467961978634875,5.631999874784417,5.200485770482989,5.2287807,5.302397
concreteslump,5,2,2,4.537623003420656,4.691917448322969,4.644854587749816,4.6415977,4.684305
autompg,9,6,10,2.1616183572477308,2.405516999490026,2.294966098231686,2.1707084,2.239599
concreteslump,5,2,5,4.537623003420656,4.691917448322969,4.644854587749816,4.462791,4.683786
concreteslump,3,4,10,4.6467961978634875,5.633437430253586,5.376153747254311,5.32564,5.297804
concreteslump,5,4,2,4.537623003420656,5.12928605115074,4.8860993150581695,4.9043593,4.947311
concreteslump,5,2,10,4.537623003420656,4.691917448322969,4.644854587749816,4.3548713,4.6829705
concreteslump,5,4,5,4.537623003420656,5.12928605115074,4.8860993150581695,4.8697643,4.9462214
concreteslump,5,6,2,4.537623003420656,5.331589214576592,4.979213694736155,4.9808216,5.1401057
concreteslump,4,4,10,4.571055291257076,5.1820343916205855,5.002972674450893,4.933526,5.000413
concreteslump,6,2,2,4.645566524736954,4.798186248019081,4.7856265246988965,4.774687,4.793142
autompg,7,6,10,2.558248663079847,2.564180792283989,2.471372932982216,2.3927534,2.4255986
concreteslump,6,2,5,4.645566524736954,4.798186248019081,4.7856265246988965,4.750094,4.7919936
concreteslump,6,4,2,4.645566524736954,5.4731446624508475,5.228600894487166,5.1702466,5.2243996
concreteslump,4,6,5,4.571055291257076,5.5617595059761085,5.084361828267242,5.042261,5.215291
concreteslump,6,2,10,4.645566524736954,4.798186248019081,4.7856265246988965,4.747321,4.7952476
concreteslump,5,4,10,4.537623003420656,5.12928605115074,4.8860993150581695,4.7334843,4.9424005
concreteslump,6,4,5,4.645566524736954,5.4731446624508475,5.228600894487166,5.1364603,5.2182584
concreteslump,6,6,2,4.645566524736954,5.796737117901826,5.516311981573716,5.391572,5.3510094
autompg,8,6,10,2.360382458356033,2.8178438203595224,2.621341931293806,2.501903,2.4638839
concreteslump,7,2,2,4.566542180564559,4.733979822545107,4.693085394405909,4.6982493,4.7285805
concreteslump,7,2,5,4.566542180564559,4.733979822545107,4.693085394405909,4.5843606,4.727244
concreteslump,5,6,5,4.537623003420656,5.331589214576592,4.979213694736155,4.9759307,5.1339145
concreteslump,7,2,10,4.566542180564559,4.733979822545107,4.693085394405909,4.5005774,4.7238183
concreteslump,7,4,2,4.566542180564559,5.221109187711846,4.919311953188869,4.987002,5.1272826
concreteslump,7,4,5,4.566542180564559,5.221109187711846,4.919311953188869,4.948708,5.114967
concreteslump,7,6,2,4.566542180564559,5.305498740851551,4.971930841553211,5.0263596,5.1556816
concreteslump,6,6,5,4.645566524736954,5.796737117901826,5.516311981573716,5.3610544,5.350363
concreteslump,8,2,2,4.571159615751067,4.7377715436401875,4.704785475685174,4.720375,4.7303867
concreteslump,6,4,10,4.645566524736954,5.4731446624508475,5.228600894487166,5.1566253,5.226764
concreteslump,8,2,5,4.571159615751067,4.7377715436401875,4.704785475685174,4.6658807,4.7310486
concreteslump,0,6,10,4.569236052624083,5.671930574971523,5.515125671281523,5.3673534,5.3801503
concreteslump,8,2,10,4.571159615751067,4.7377715436401875,4.704785475685174,4.5233836,4.7267733
concreteslump,8,4,2,4.571159615751067,5.381034284029187,5.025822598474951,5.104839,5.1244917
concreteslump,2,6,10,4.526178199199496,5.325274879235818,5.02873318244543,4.994601,5.172661
concreteslump,8,6,2,4.571159615751067,5.9185956162722055,5.401326354430137,5.334602,5.276592
concreteslump,8,4,5,4.571159615751067,5.381034284029187,5.025822598474951,5.1006966,5.124073
concreteslump,7,6,5,4.566542180564559,5.305498740851551,4.971930841553211,4.9921947,5.1465926
concreteslump,9,2,2,4.71644106234826,4.86504994750111,4.809771229438705,4.816132,4.8368683
concreteslump,9,2,5,4.71644106234826,4.86504994750111,4.809771229438705,4.7714763,4.833917
concreteslump,7,4,10,4.566542180564559,5.221109187711846,4.919311953188869,4.8510385,5.0798874
concreteslump,9,2,10,4.71644106234826,4.86504994750111,4.809771229438705,4.777814,4.8302917
concreteslump,9,4,2,4.71644106234826,5.276133721168007,4.994748456144643,5.0739026,5.103629
concreteslump,9,4,5,4.71644106234826,5.276133721168007,4.994748456144643,5.05342,5.0986743
concreteslump,1,6,10,4.633683861346589,6.385676376846656,5.711592681226416,6.0820565,5.7476954
concreteslump,9,6,2,4.71644106234826,5.5298430644322885,5.2366536209221675,5.324474,5.3094296
concreteslump,3,6,10,4.6467961978634875,5.631999874784417,5.200485770482989,5.197107,5.3025613
concreteslump,8,6,5,4.571159615751067,5.9185956162722055,5.401326354430137,5.2449913,5.2614236
energy,0,2,2,2.30183993103156,2.319019297533901,2.314279327552285,2.1953585,2.3174555
energy,0,2,5,2.30183993103156,2.319019297533901,2.314279327552285,1.7163397,2.315761
energy,0,4,2,2.30183993103156,2.404909132472728,2.3752158664420677,2.1639223,2.3932235
energy,0,2,10,2.30183993103156,2.319019297533901,2.314279327552285,1.3016107,2.3167567
concreteslump,8,4,10,4.571159615751067,5.381034284029187,5.025822598474951,5.0725756,5.1144023
energy,0,4,5,2.30183993103156,2.404909132472728,2.3752158664420677,1.7559016,2.392911
concreteslump,9,6,5,4.71644106234826,5.5298430644322885,5.2366536209221675,5.3353357,5.3055453
energy,0,6,2,2.30183993103156,2.4498723207219513,2.411369174116912,2.2528539,2.422521
energy,1,2,2,2.295210317336585,2.3088831423547855,2.3064993746380766,2.0272126,2.308748
concreteslump,4,6,10,4.571055291257076,5.5617595059761085,5.084361828267242,4.998792,5.2117662
energy,1,2,5,2.295210317336585,2.3088831423547855,2.3064993746380766,1.5898842,2.3086853
energy,1,2,10,2.295210317336585,2.3088831423547855,2.3064993746380766,1.1216724,2.3086522
energy,1,4,2,2.295210317336585,2.3976351849777258,2.3701309031134126,2.0518756,2.3848805
energy,0,6,5,2.30183993103156,2.4498723207219513,2.411369174116912,1.8471286,2.4236674
energy,1,4,5,2.295210317336585,2.3976351849777258,2.3701309031134126,1.5850163,2.3858242
concreteslump,9,4,10,4.71644106234826,5.276133721168007,4.994748456144643,5.010174,5.0736747
energy,0,4,10,2.30183993103156,2.404909132472728,2.3752158664420677,1.4440712,2.3911862
energy,1,6,2,2.295210317336585,2.4977310031755944,2.4690376721267677,2.1763043,2.4754303
energy,2,2,2,2.3037286958642507,2.3230396859669753,2.319189324996754,2.0664737,2.3197417
energy,2,2,5,2.3037286958642507,2.3230396859669753,2.319189324996754,1.6712409,2.3206794
energy,2,4,2,2.3037286958642507,2.420771392895837,2.387595656333248,2.1001205,2.3972597
energy,2,2,10,2.3037286958642507,2.3230396859669753,2.319189324996754,1.445924,2.319053
concreteslump,5,6,10,4.537623003420656,5.331589214576592,4.979213694736155,4.9704733,5.1356125
energy,2,4,5,2.3037286958642507,2.420771392895837,2.387595656333248,1.7514597,2.394837
energy,2,6,2,2.3037286958642507,2.528418233012712,2.4952334550862254,2.3715708,2.5062075
energy,1,6,5,2.295210317336585,2.4977310031755944,2.4690376721267677,2.0540073,2.4739287
energy,1,4,10,2.295210317336585,2.3976351849777258,2.3701309031134126,1.3540704,2.3796396
energy,3,2,2,2.3132418123527048,2.334891989844616,2.3318226798587833,2.111419,2.3342707
energy,3,2,5,2.3132418123527048,2.334891989844616,2.3318226798587833,1.7257181,2.3338237
concreteslump,6,6,10,4.645566524736954,5.796737117901826,5.516311981573716,5.3544707,5.345624
energy,3,2,10,2.3132418123527048,2.334891989844616,2.3318226798587833,1.5087537,2.3340752
energy,3,4,2,2.3132418123527048,2.4609353084571874,2.432257540914736,2.249828,2.4355817
energy,3,4,5,2.3132418123527048,2.4609353084571874,2.432257540914736,1.7651134,2.4327612
energy,3,6,2,2.3132418123527048,2.498733714010848,2.451738964818864,2.325723,2.4640183
concreteslump,7,6,10,4.566542180564559,5.305498740851551,4.971930841553211,4.9490952,5.1283984
energy,2,6,5,2.3037286958642507,2.528418233012712,2.4952334550862254,2.1548529,2.5009718
energy,4,2,2,2.33461000585526,2.3603156893775687,2.3532961476398855,2.2142904,2.356452
energy,4,2,5,2.33461000585526,2.3603156893775687,2.3532961476398855,1.9877751,2.3563743
energy,2,4,10,2.3037286958642507,2.420771392895837,2.387595656333248,1.663933,2.3877654
energy,4,4,2,2.33461000585526,2.502404954953847,2.4550899108989355,2.246571,2.4689977
energy,4,2,10,2.33461000585526,2.3603156893775687,2.3532961476398855,1.5637447,2.354647
energy,4,4,5,2.33461000585526,2.502404954953847,2.4550899108989355,1.7776765,2.4640715
energy,3,6,5,2.3132418123527048,2.498733714010848,2.451738964818864,1.7400836,2.4629462
energy,4,6,2,2.33461000585526,2.576752673014837,2.5356930026612114,2.4090667,2.545154
energy,5,2,2,2.281681663400457,2.2945625965592567,2.291945846262072,2.0158217,2.2940462
energy,3,4,10,2.3132418123527048,2.4609353084571874,2.432257540914736,1.7216034,2.430985
energy,5,2,5,2.281681663400457,2.2945625965592567,2.291945846262072,1.6363819,2.2938542
energy,5,2,10,2.281681663400457,2.2945625965592567,2.291945846262072,1.3074771,2.2941756
concreteslump,9,6,10,4.71644106234826,5.5298430644322885,5.2366536209221675,5.3197937,5.3103814
energy,5,4,2,2.281681663400457,2.3895806096706345,2.365220220767411,2.2128718,2.3751814
energy,5,4,5,2.281681663400457,2.3895806096706345,2.365220220767411,1.7499288,2.3709502
energy,4,6,5,2.33461000585526,2.576752673014837,2.5356930026612114,2.2928133,2.5428677
energy,5,6,2,2.281681663400457,2.4676005223177957,2.4178644858053016,1.9343088,2.4297163
energy,6,2,2,2.2865668572873474,2.2985971468413986,2.295645786447519,2.1188223,2.2962737
energy,4,4,10,2.33461000585526,2.502404954953847,2.4550899108989355,1.6635381,2.4584432
energy,6,2,5,2.2865668572873474,2.2985971468413986,2.295645786447519,1.5191153,2.2975833
energy,6,4,2,2.2865668572873474,2.443062943369828,2.377126769048651,2.1497152,2.391149
energy,6,2,10,2.2865668572873474,2.2985971468413986,2.295645786447519,1.1378057,2.2967875
energy,0,6,10,2.30183993103156,2.4498723207219513,2.411369174116912,1.7857023,2.405296
energy,6,4,5,2.2865668572873474,2.443062943369828,2.377126769048651,1.8695403,2.3933744
energy,6,6,2,2.2865668572873474,2.4962661475730656,2.446375435260126,2.2257955,2.454914
energy,5,6,5,2.281681663400457,2.4676005223177957,2.4178644858053016,1.7184032,2.4296858
energy,7,2,2,2.3058498398398957,2.321734488499243,2.3173935514983444,2.194002,2.3200772
concreteslump,8,6,10,4.571159615751067,5.9185956162722055,5.401326354430137,5.2084684,5.250329
energy,5,4,10,2.281681663400457,2.3895806096706345,2.365220220767411,1.4741942,2.3733354
energy,7,2,5,2.3058498398398957,2.321734488499243,2.3173935514983444,1.7513864,2.3179674
energy,7,2,10,2.3058498398398957,2.321734488499243,2.3173935514983444,1.3923798,2.31638
energy,7,4,2,2.3058498398398957,2.482115924369209,2.4468424063726824,2.2011254,2.461375
energy,7,4,5,2.3058498398398957,2.482115924369209,2.4468424063726824,1.7722925,2.460479
energy,6,6,5,2.2865668572873474,2.4962661475730656,2.446375435260126,2.0658023,2.4500597
energy,7,6,2,2.3058498398398957,2.5379580194214686,2.4878973128293964,2.360796,2.504217
energy,8,2,2,2.3152058084549623,2.329667813527373,2.3277570819474898,2.1332748,2.3292544
energy,8,2,5,2.3152058084549623,2.329667813527373,2.3277570819474898,1.6457419,2.3292942
energy,6,4,10,2.2865668572873474,2.443062943369828,2.377126769048651,1.6601156,2.3915782
energy,8,2,10,2.3152058084549623,2.329667813527373,2.3277570819474898,1.3706547,2.3292565
energy,8,4,2,2.3152058084549623,2.426478873836561,2.3963259039479685,2.2236626,2.4121923
energy,7,6,5,2.3058498398398957,2.5379580194214686,2.4878973128293964,2.0699568,2.500427
energy,8,4,5,2.3152058084549623,2.426478873836561,2.3963259039479685,1.9494752,2.4082606
energy,8,6,2,2.3152058084549623,2.4924874416254164,2.4495219823656167,2.220776,2.4681456
energy,9,2,2,2.2992296988280123,2.3124874067648724,2.3092777583893573,2.0593317,2.3111286
energy,7,4,10,2.3058498398398957,2.482115924369209,2.4468424063726824,1.8343321,2.4545786
energy,2,6,10,2.3037286958642507,2.528418233012712,2.4952334550862254,1.9455729,2.4932365
energy,3,6,10,2.3132418123527048,2.498733714010848,2.451738964818864,1.6842846,2.4204636
energy,9,2,5,2.2992296988280123,2.3124874067648724,2.3092777583893573,1.4275726,2.3110628
energy,9,4,2,2.2992296988280123,2.3918570195781417,2.376121192405977,2.2506797,2.3831031
energy,9,2,10,2.2992296988280123,2.3124874067648724,2.3092777583893573,1.1730243,2.3114605
energy,9,4,5,2.2992296988280123,2.3918570195781417,2.376121192405977,1.7425778,2.3824356
energy,9,6,2,2.2992296988280123,2.457444453651203,2.431906095609351,2.307866,2.4428217
energy,8,4,10,2.3152058084549623,2.426478873836561,2.3963259039479685,1.7221006,2.4088163
housing,0,2,2,2.4212624313690227,2.4883378452409595,2.445639257330511,2.4051154,2.4683433
energy,4,6,10,2.33461000585526,2.576752673014837,2.5356930026612114,2.1703005,2.5368247
housing,0,2,5,2.4212624313690227,2.4883378452409595,2.445639257330511,2.3594992,2.468521
energy,8,6,5,2.3152058084549623,2.4924874416254164,2.4495219823656167,1.8936062,2.4605641
energy,1,6,10,2.295210317336585,2.4977310031755944,2.4690376721267677,1.8855708,2.4729424
housing,0,4,2,2.4212624313690227,2.5413748203640045,2.466253581051276,2.4210956,2.5142064
housing,0,2,10,2.4212624313690227,2.4883378452409595,2.445639257330511,2.347951,2.4684181
energy,9,6,5,2.2992296988280123,2.457444453651203,2.431906095609351,2.1641765,2.4404366
housing,0,6,2,2.4212624313690227,2.620320708391022,2.393278008372771,2.3903856,2.4713585
housing,0,4,5,2.4212624313690227,2.5413748203640045,2.466253581051276,2.391638,2.5148656
housing,1,2,2,2.5066292954136165,2.566783724355565,2.501068506171564,2.4571118,2.5295994
energy,9,4,10,2.2992296988280123,2.3918570195781417,2.376121192405977,1.3942407,2.3839128
housing,1,2,5,2.5066292954136165,2.566783724355565,2.501068506171564,2.4616275,2.527448
housing,1,4,2,2.5066292954136165,2.6422022966428096,2.537863310390247,2.5385695,2.567265
housing,1,2,10,2.5066292954136165,2.566783724355565,2.501068506171564,2.4675403,2.5249987
housing,1,4,5,2.5066292954136165,2.6422022966428096,2.537863310390247,2.512866,2.5655751
energy,5,6,10,2.281681663400457,2.4676005223177957,2.4178644858053016,1.654802,2.3775735
housing,1,6,2,2.5066292954136165,2.715343972190078,2.579670070398082,2.574965,2.6304681
housing,2,2,2,2.4647889242648304,2.4929779268338472,2.44342364283081,2.335755,2.4603841
housing,0,6,5,2.4212624313690227,2.620320708391022,2.393278008372771,2.3749485,2.4488459
housing,2,2,5,2.4647889242648304,2.4929779268338472,2.44342364283081,2.2697923,2.4554973
energy,6,6,10,2.2865668572873474,2.4962661475730656,2.446375435260126,1.9583138,2.446876
housing,0,4,10,2.4212624313690227,2.5413748203640045,2.466253581051276,2.34915,2.5130599
housing,2,4,2,2.4647889242648304,2.609178879724821,2.4673810783553116,2.453631,2.4950135
housing,2,2,10,2.4647889242648304,2.4929779268338472,2.44342364283081,2.2287626,2.4530163
housing,2,4,5,2.4647889242648304,2.609178879724821,2.4673810783553116,2.4474053,2.4956758
housing,1,6,5,2.5066292954136165,2.715343972190078,2.579670070398082,2.5617425,2.6297836
housing,2,6,2,2.4647889242648304,2.6369965121361836,2.4768374201445873,2.4432325,2.5245314
housing,3,2,2,2.4816946949358663,2.569171328671345,2.517106851942731,2.4551346,2.5211768
housing,1,4,10,2.5066292954136165,2.6422022966428096,2.537863310390247,2.5085971,2.5677674
housing,3,2,5,2.4816946949358663,2.569171328671345,2.517106851942731,2.4675016,2.520268
housing,3,2,10,2.4816946949358663,2.569171328671345,2.517106851942731,2.39331,2.5184584
housing,3,4,2,2.4816946949358663,2.627206561188398,2.551904026361202,2.4996676,2.5834143
housing,3,4,5,2.4816946949358663,2.627206561188398,2.551904026361202,2.4939992,2.5812888
housing,3,6,2,2.4816946949358663,2.696001118793738,2.5556982544784566,2.5519495,2.61724
housing,2,6,5,2.4647889242648304,2.6369965121361836,2.4768374201445873,2.43307,2.517213
housing,4,2,2,2.470745727135766,2.5128531358065085,2.4716577850661863,2.4232051,2.475651
housing,4,2,5,2.470745727135766,2.5128531358065085,2.4716577850661863,2.399998,2.4745488
housing,2,4,10,2.4647889242648304,2.609178879724821,2.4673810783553116,2.462593,2.494606
housing,4,2,10,2.470745727135766,2.5128531358065085,2.4716577850661863,2.3901246,2.4744458
housing,4,4,2,2.470745727135766,2.6210050279898,2.5080812869598947,2.497379,2.5317798
housing,3,6,5,2.4816946949358663,2.696001118793738,2.5556982544784566,2.5439532,2.6178608
energy,7,6,10,2.3058498398398957,2.5379580194214686,2.4878973128293964,1.8679005,2.4953134
housing,4,6,2,2.470745727135766,2.672271415570077,2.4975460826374376,2.4799516,2.5474346
housing,4,4,5,2.470745727135766,2.6210050279898,2.5080812869598947,2.4643705,2.5312073
housing,5,2,2,2.5409116101464577,2.58089138017412,2.537984937204157,2.444579,2.5041087
housing,3,4,10,2.4816946949358663,2.627206561188398,2.551904026361202,2.4819262,2.5840743
housing,5,2,5,2.5409116101464577,2.58089138017412,2.537984937204157,2.471136,2.5047045
housing,5,4,2,2.5409116101464577,2.6322801949323393,2.556474694661446,2.4990788,2.5357099
housing,5,2,10,2.5409116101464577,2.58089138017412,2.537984937204157,2.4891787,2.50434
energy,8,6,10,2.3152058084549623,2.4924874416254164,2.4495219823656167,1.7695725,2.4583535
housing,5,4,5,2.5409116101464577,2.6322801949323393,2.556474694661446,2.4757826,2.5344846
housing,5,6,2,2.5409116101464577,2.748172605044053,2.5816040001102554,2.5139053,2.5543313
housing,4,6,5,2.470745727135766,2.672271415570077,2.4975460826374376,2.4651093,2.546527
housing,4,4,10,2.470745727135766,2.6210050279898,2.5080812869598947,2.4712152,2.5359826
housing,6,2,2,3.1473375640514725,3.2156902258635975,3.183303450454646,2.906503,3.0756898
housing,6,2,5,3.1473375640514725,3.2156902258635975,3.183303450454646,2.8982844,3.0751858
housing,6,2,10,3.1473375640514725,3.2156902258635975,3.183303450454646,2.8077674,3.07602
housing,6,4,2,3.1473375640514725,3.3768977779751603,3.3385755642021553,3.017826,2.8916445
housing,6,4,5,3.1473375640514725,3.3768977779751603,3.3385755642021553,3.0305583,2.8916626
housing,6,6,2,3.1473375640514725,3.580156746931399,3.533503201767808,3.1681328,2.7815263
housing,0,6,10,2.4212624313690227,2.620320708391022,2.393278008372771,2.3682745,2.4398162
housing,5,6,5,2.5409116101464577,2.748172605044053,2.5816040001102554,2.5135322,2.5395148
housing,7,2,2,2.544882479352633,2.712563222807761,2.6329011330130294,2.5730286,2.5597615
housing,5,4,10,2.5409116101464577,2.6322801949323393,2.556474694661446,2.4800904,2.5253406
housing,7,2,5,2.544882479352633,2.712563222807761,2.6329011330130294,2.5771604,2.5597131
housing,7,2,10,2.544882479352633,2.712563222807761,2.6329011330130294,2.5935705,2.5612814
housing,7,4,2,2.544882479352633,2.883569635243756,2.6715324389102606,2.6089785,2.5574062
housing,7,6,2,2.544882479352633,2.9246122927634524,2.7101389542228156,2.6324322,2.5969255
housing,7,4,5,2.544882479352633,2.883569635243756,2.6715324389102606,2.6114028,2.5528262
housing,6,4,10,3.1473375640514725,3.3768977779751603,3.3385755642021553,3.0961113,2.8919525
housing,6,6,5,3.1473375640514725,3.580156746931399,3.533503201767808,3.2231321,2.7866344
housing,8,2,2,2.4249951609546874,2.595053382633951,2.558741579331554,2.5421932,2.5283804
housing,1,6,10,2.5066292954136165,2.715343972190078,2.579670070398082,2.5533962,2.6273165
housing,8,2,5,2.4249951609546874,2.595053382633951,2.558741579331554,2.5011086,2.5285738
housing,8,2,10,2.4249951609546874,2.595053382633951,2.558741579331554,2.456641,2.5264719
housing,8,4,2,2.4249951609546874,3.0844765080094754,2.7959815558956147,2.8097734,2.7369418
housing,2,6,10,2.4647889242648304,2.6369965121361836,2.4768374201445873,2.3764894,2.5001473
housing,8,4,5,2.4249951609546874,3.0844765080094754,2.7959815558956147,2.7161064,2.7236612
housing,7,6,5,2.544882479352633,2.9246122927634524,2.7101389542228156,2.6293664,2.5963588
housing,8,6,2,2.4249951609546874,3.169144066807155,2.932576343584763,2.8141024,2.6325183
housing,9,2,2,2.598506897990353,2.6442836650920736,2.6162681418252998,2.5982122,2.6094558
housing,7,4,10,2.544882479352633,2.883569635243756,2.6715324389102606,2.6355796,2.543363
housing,9,2,5,2.598506897990353,2.6442836650920736,2.6162681418252998,2.5746422,2.6117291
housing,9,4,2,2.598506897990353,2.7499328529415084,2.6388753629666564,2.62111,2.6093025
housing,9,2,10,2.598506897990353,2.6442836650920736,2.6162681418252998,2.5881662,2.6097903
machine,0,2,2,0.5116076299866638,0.4673586554259067,0.4341673353143105,0.44076553,0.45074794
housing,9,4,5,2.598506897990353,2.7499328529415084,2.6388753629666564,2.6106775,2.6080976
energy,9,6,10,2.2992296988280123,2.457444453651203,2.431906095609351,1.8322296,2.4385436
housing,8,6,5,2.4249951609546874,3.169144066807155,2.932576343584763,2.80304,2.6305425
machine,0,2,5,0.5116076299866638,0.4673586554259067,0.4341673353143105,0.43570414,0.45062265
housing,3,6,10,2.4816946949358663,2.696001118793738,2.5556982544784566,2.5467365,2.6155016
machine,0,4,2,0.5116076299866638,0.5909083237107262,0.4653269120513275,0.49400592,0.5244918
machine,0,2,10,0.5116076299866638,0.4673586554259067,0.4341673353143105,0.43569118,0.45118362
housing,8,4,10,2.4249951609546874,3.0844765080094754,2.7959815558956147,2.7431967,2.7242248
machine,0,4,5,0.5116076299866638,0.5909083237107262,0.4653269120513275,0.47983828,0.5165273
machine,0,6,2,0.5116076299866638,0.6836185357893978,0.43604293419976414,0.45168343,0.52508384
machine,1,2,2,0.7335185816581894,0.7062631828920858,0.5669321764081013,0.6083923,0.5881351
machine,1,2,5,0.7335185816581894,0.7062631828920858,0.5669321764081013,0.6690198,0.6204187
machine,1,4,2,0.7335185816581894,0.6491664395173601,0.43691719794434797,0.47022748,0.5209554
housing,4,6,10,2.470745727135766,2.672271415570077,2.4975460826374376,2.459924,2.5461516
machine,1,2,10,0.7335185816581894,0.7062631828920858,0.5669321764081013,0.6916656,0.62099093
machine,1,4,5,0.7335185816581894,0.6491664395173601,0.43691719794434797,0.45319226,0.5179208
housing,9,4,10,2.598506897990353,2.7499328529415084,2.6388753629666564,2.628117,2.6054964
machine,1,6,2,0.7335185816581894,0.8572670586777688,0.3970911246684145,0.4338434,0.55626154
machine,0,6,5,0.5116076299866638,0.6836185357893978,0.43604293419976414,0.43547955,0.5175071
machine,0,4,10,0.5116076299866638,0.5909083237107262,0.4653269120513275,0.49999362,0.52212113
machine,2,2,2,0.6870457956107179,0.6882219606883024,0.661964191923931,0.66467077,0.6664289
machine,2,2,5,0.6870457956107179,0.6882219606883024,0.661964191923931,0.66245854,0.6699329
machine,2,4,2,0.6870457956107179,1.1133499794370645,0.810995737543299,0.78267217,0.7478911
machine,2,2,10,0.6870457956107179,0.6882219606883024,0.661964191923931,0.6557702,0.6702267
machine,2,4,5,0.6870457956107179,1.1133499794370645,0.810995737543299,0.70681465,0.7384395
machine,2,6,2,0.6870457956107179,1.2913587325196814,0.8318570167209887,0.7170413,0.72793424
machine,1,6,5,0.7335185816581894,0.8572670586777688,0.3970911246684145,0.41175452,0.55260843
machine,3,2,2,0.4706697580712232,0.6440288772081196,0.5822109151717465,0.5387909,0.45651427
machine,1,4,10,0.7335185816581894,0.6491664395173601,0.43691719794434797,0.46245998,0.5234228
machine,3,2,5,0.4706697580712232,0.6440288772081196,0.5822109151717465,0.5310449,0.44605747
machine,3,4,2,0.4706697580712232,0.9160792405039904,0.7273340100114742,0.5597438,0.4888134
machine,3,2,10,0.4706697580712232,0.6440288772081196,0.5822109151717465,0.5209716,0.446371
housing,5,6,10,2.5409116101464577,2.748172605044053,2.5816040001102554,2.5261405,2.5265777
machine,3,4,5,0.4706697580712232,0.9160792405039904,0.7273340100114742,0.54660195,0.49061793
machine,2,6,5,0.6870457956107179,1.2913587325196814,0.8318570167209887,0.7010181,0.7583875
machine,3,6,2,0.4706697580712232,0.7711412627683901,0.5227599324845977,0.51411545,0.5143552
machine,4,2,2,0.6995437860405309,0.8394952881072162,0.6906444805058026,0.70256907,0.672228
housing,6,6,10,3.1473375640514725,3.580156746931399,3.533503201767808,3.2336876,2.772294
machine,2,4,10,0.6870457956107179,1.1133499794370645,0.810995737543299,0.6737197,0.7319078
machine,4,2,5,0.6995437860405309,0.8394952881072162,0.6906444805058026,0.66617435,0.680255
machine,4,4,2,0.6995437860405309,1.1513753519234167,0.7231211007569567,0.8200415,0.83444434
machine,4,2,10,0.6995437860405309,0.8394952881072162,0.6906444805058026,0.7158532,0.6777299
housing,7,6,10,2.544882479352633,2.9246122927634524,2.7101389542228156,2.6299462,2.5877807
machine,4,4,5,0.6995437860405309,1.1513753519234167,0.7231211007569567,0.81630874,0.82983947
machine,4,6,2,0.6995437860405309,1.3823398935062583,0.8878840149346432,0.7160527,0.6655634
machine,5,2,2,0.5431382654476354,0.5942073754330859,0.5345715867881025,0.5625933,0.5280626
machine,5,2,5,0.5431382654476354,0.5942073754330859,0.5345715867881025,0.5477949,0.5278167
machine,3,4,10,0.4706697580712232,0.9160792405039904,0.7273340100114742,0.52807957,0.47881308
machine,5,2,10,0.5431382654476354,0.5942073754330859,0.5345715867881025,0.55351365,0.5276504
machine,3,6,5,0.4706697580712232,0.7711412627683901,0.5227599324845977,0.5390779,0.5135574
machine,5,4,2,0.5431382654476354,0.6693656255879288,0.4938502184706913,0.5155698,0.5145328
machine,5,4,5,0.5431382654476354,0.6693656255879288,0.4938502184706913,0.5412273,0.5103373
machine,4,6,5,0.6995437860405309,1.3823398935062583,0.8878840149346432,0.7092864,0.6612152
machine,4,4,10,0.6995437860405309,1.1513753519234167,0.7231211007569567,0.8979031,0.84379727
machine,5,6,2,0.5431382654476354,0.8701955598635681,0.4700750824520742,0.50901824,0.58661264
machine,6,2,2,0.5314731805666005,0.5889870535640499,0.45976995593659675,0.49000958,0.5095724
machine,6,2,5,0.5314731805666005,0.5889870535640499,0.45976995593659675,0.48620272,0.49775743
machine,6,4,2,0.5314731805666005,0.7076167285030266,0.3438093900019562,0.4691382,0.51721734
machine,6,2,10,0.5314731805666005,0.5889870535640499,0.45976995593659675,0.46562213,0.49033383
machine,6,4,5,0.5314731805666005,0.7076167285030266,0.3438093900019562,0.42664257,0.52250415
machine,6,6,2,0.5314731805666005,1.0747010764778266,0.43539948444054066,0.44840258,0.5808112
machine,5,6,5,0.5431382654476354,0.8701955598635681,0.4700750824520742,0.53727376,0.5694296
machine,7,2,2,0.5552532045398529,0.6115199469318621,0.5688579352428433,0.5570399,0.58044755
housing,8,6,10,2.4249951609546874,3.169144066807155,2.932576343584763,2.773215,2.6224506
machine,7,2,5,0.5552532045398529,0.6115199469318621,0.5688579352428433,0.5549992,0.5806244
machine,0,6,10,0.5116076299866638,0.6836185357893978,0.43604293419976414,0.4418009,0.5141077
machine,5,4,10,0.5431382654476354,0.6693656255879288,0.4938502184706913,0.53836954,0.51858234
machine,7,4,2,0.5552532045398529,0.7308768425671665,0.5705872554636832,0.54101646,0.5739186
machine,7,2,10,0.5552532045398529,0.6115199469318621,0.5688579352428433,0.5645947,0.58175045
machine,6,6,5,0.5314731805666005,1.0747010764778266,0.43539948444054066,0.49095777,0.64045054
machine,1,6,10,0.7335185816581894,0.8572670586777688,0.3970911246684145,0.4128033,0.5477922
machine,6,4,10,0.5314731805666005,0.7076167285030266,0.3438093900019562,0.40596277,0.5153498
machine,7,6,2,0.5552532045398529,0.9385272449594768,0.4735925892610897,0.4985815,0.58576214
machine,7,4,5,0.5552532045398529,0.7308768425671665,0.5705872554636832,0.51295584,0.557064
machine,8,2,2,0.6611726292366447,0.739605910931195,0.6816782724752863,0.7066259,0.70712787
machine,8,2,5,0.6611726292366447,0.739605910931195,0.6816782724752863,0.70691854,0.7060145
machine,8,4,2,0.6611726292366447,0.913663238095418,0.6895213658483368,0.84633946,0.63171333
machine,8,2,10,0.6611726292366447,0.739605910931195,0.6816782724752863,0.74994963,0.69278616
machine,8,4,5,0.6611726292366447,0.913663238095418,0.6895213658483368,0.8044116,0.6410127
machine,8,6,2,0.6611726292366447,1.5313539528172384,0.9065146651997862,0.8566074,0.6538362
machine,7,6,5,0.5552532045398529,0.9385272449594768,0.4735925892610897,0.5026298,0.58398986
machine,9,2,2,0.6029588626542705,0.7760427698846628,0.6973014866422997,0.66479367,0.6848075
machine,2,6,10,0.6870457956107179,1.2913587325196814,0.8318570167209887,0.65187466,0.7179829
machine,7,4,10,0.5552532045398529,0.7308768425671665,0.5705872554636832,0.524909,0.5643996
machine,9,2,5,0.6029588626542705,0.7760427698846628,0.6973014866422997,0.63959545,0.68346184
machine,9,4,2,0.6029588626542705,0.8750210785928546,0.7450931481681174,0.71391124,0.6886616
machine,9,2,10,0.6029588626542705,0.7760427698846628,0.6973014866422997,0.6325819,0.6800293
machine,9,4,5,0.6029588626542705,0.8750210785928546,0.7450931481681174,0.7147095,0.6906861
machine,8,6,5,0.6611726292366447,1.5313539528172384,0.9065146651997862,0.7924763,0.64958936
machine,9,6,2,0.6029588626542705,1.1325820926034436,0.8792688525220649,0.89162046,0.7846119
pendulum,0,2,2,-0.11224847013238984,0.68807165237043,0.45579306926493424,0.42316172,0.52144676
machine,8,4,10,0.6611726292366447,0.913663238095418,0.6895213658483368,0.754486,0.6327384
pendulum,0,2,5,-0.11224847013238984,0.68807165237043,0.45579306926493424,0.52762204,0.52769417
pendulum,0,4,2,-0.11224847013238984,1.2619519445702783,0.8396548445627416,0.8242505,0.9867384
pendulum,0,2,10,-0.11224847013238984,0.68807165237043,0.45579306926493424,1.1534907,0.52606285
pendulum,0,4,5,-0.11224847013238984,1.2619519445702783,0.8396548445627416,0.80562437,0.98827416
machine,9,6,5,0.6029588626542705,1.1325820926034436,0.8792688525220649,0.8717983,0.77200764
pendulum,0,6,2,-0.11224847013238984,1.661316201273259,1.0320255535421243,1.0473772,1.2956895
machine,9,4,10,0.6029588626542705,0.8750210785928546,0.7450931481681174,0.72437054,0.69096273
pendulum,1,2,2,0.23102236916462238,0.90218096430367,0.5298893824973777,0.5817337,0.64696056
machine,4,6,10,0.6995437860405309,1.3823398935062583,0.8878840149346432,0.64564264,0.6649135
pendulum,1,2,5,0.23102236916462238,0.90218096430367,0.5298893824973777,0.6450148,0.64491576
machine,3,6,10,0.4706697580712232,0.7711412627683901,0.5227599324845977,0.56284535,0.5312391
pendulum,1,2,10,0.23102236916462238,0.90218096430367,0.5298893824973777,1.7550298,0.64949214
pendulum,1,4,2,0.23102236916462238,1.6444684353044585,0.9443717136896371,1.0299668,1.1017052
pendulum,1,4,5,0.23102236916462238,1.6444684353044585,0.9443717136896371,1.2527839,1.0919466
pendulum,1,6,2,0.23102236916462238,2.1397965188645114,1.3431364162953876,1.4579401,1.4289616
pendulum,0,6,5,-0.11224847013238984,1.661316201273259,1.0320255535421243,1.0131812,1.2974137
pendulum,0,4,10,-0.11224847013238984,1.2619519445702783,0.8396548445627416,2.0936997,0.9809503
machine,5,6,10,0.5431382654476354,0.8701955598635681,0.4700750824520742,0.513795,0.55278826
pendulum,2,2,2,-0.22685668380060395,0.4547570099853359,0.15991771095524293,0.11815954,0.3203287
pendulum,2,2,5,-0.22685668380060395,0.4547570099853359,0.15991771095524293,0.08855407,0.32122996
pendulum,2,2,10,-0.22685668380060395,0.4547570099853359,0.15991771095524293,0.16688502,0.32171512
pendulum,2,4,2,-0.22685668380060395,1.045007152921733,0.5843397466293887,0.56144345,0.8114717
pendulum,2,4,5,-0.22685668380060395,1.045007152921733,0.5843397466293887,0.60385454,0.8143822
pendulum,2,6,2,-0.22685668380060395,1.4135901376171593,0.7986173279561428,0.8235436,1.0920323
pendulum,1,6,5,0.23102236916462238,2.1397965188645114,1.3431364162953876,1.8905184,1.4274033
pendulum,1,4,10,0.23102236916462238,1.6444684353044585,0.9443717136896371,3.657146,1.0912386
pendulum,3,2,2,0.13292845411310972,0.9169049160215366,0.49009775922892684,0.49129224,0.68074316
pendulum,3,2,5,0.13292845411310972,0.9169049160215366,0.49009775922892684,0.95286685,0.682904
pendulum,3,2,10,0.13292845411310972,0.9169049160215366,0.49009775922892684,1.7397394,0.6818503
pendulum,3,4,2,0.13292845411310972,1.6359944623611675,0.9104250512784563,0.9679874,1.204693
pendulum,3,4,5,0.13292845411310972,1.6359944623611675,0.9104250512784563,1.0350875,1.2012862
pendulum,2,4,10,-0.22685668380060395,1.045007152921733,0.5843397466293887,1.9339516,0.81161165
pendulum,3,6,2,0.13292845411310972,1.9903072621646023,1.143895822888172,1.2518348,1.4394705
pendulum,2,6,5,-0.22685668380060395,1.4135901376171593,0.7986173279561428,0.81504244,1.091744
machine,8,6,10,0.6611726292366447,1.5313539528172384,0.9065146651997862,0.6881664,0.6658734
pendulum,4,2,2,0.09204120997795676,0.4447849646490333,0.22067693022609775,0.18070897,0.2990031
pendulum,4,2,5,0.09204120997795676,0.4447849646490333,0.22067693022609775,0.25075406,0.29451814
machine,7,6,10,0.5552532045398529,0.9385272449594768,0.4735925892610897,0.49721882,0.6246156
pendulum,4,2,10,0.09204120997795676,0.4447849646490333,0.22067693022609775,2.0120013,0.29691443
machine,6,6,10,0.5314731805666005,1.0747010764778266,0.43539948444054066,0.4316152,0.6294779
pendulum,4,4,2,0.09204120997795676,1.0033976357252228,0.4878471717610991,0.47385246,0.7547253
pendulum,4,4,5,0.09204120997795676,1.0033976357252228,0.4878471717610991,0.48661786,0.75829154
pendulum,4,6,2,0.09204120997795676,1.3894954461327431,0.774575903177328,0.7462528,1.0474536
pendulum,5,2,2,0.05299819422518106,0.7801567615949867,0.34307256195317815,0.34148282,0.5466942
pendulum,3,4,10,0.13292845411310972,1.6359944623611675,0.9104250512784563,2.7787578,1.1984411
pendulum,5,2,5,0.05299819422518106,0.7801567615949867,0.34307256195317815,0.34442785,0.5487804
pendulum,3,6,5,0.13292845411310972,1.9903072621646023,1.143895822888172,1.2641172,1.4306824
pendulum,5,4,2,0.05299819422518106,1.5036780526163427,0.8861806556386425,1.000219,1.0754262
pendulum,5,2,10,0.05299819422518106,0.7801567615949867,0.34307256195317815,1.7137479,0.54880446
pendulum,5,4,5,0.05299819422518106,1.5036780526163427,0.8861806556386425,1.1026274,1.0737585
pendulum,5,6,2,0.05299819422518106,2.169750133132438,1.3404775970572156,1.4460009,1.5657275
pendulum,4,6,5,0.09204120997795676,1.3894954461327431,0.774575903177328,0.66907114,1.042582
pendulum,4,4,10,0.09204120997795676,1.0033976357252228,0.4878471717610991,1.0770534,0.7538149
machine,9,6,10,0.6029588626542705,1.1325820926034436,0.8792688525220649,0.77225304,0.7752533
pendulum,6,2,2,0.12341732352487372,0.952313070764743,0.5165500668285087,0.55031806,0.5177593
pendulum,6,2,5,0.12341732352487372,0.952313070764743,0.5165500668285087,0.82057226,0.5132748
pendulum,6,2,10,0.12341732352487372,0.952313070764743,0.5165500668285087,3.3642511,0.5099496
pendulum,6,4,2,0.12341732352487372,1.6070998092118909,0.8823638067213759,1.0210176,1.0258446
pendulum,6,4,5,0.12341732352487372,1.6070998092118909,0.8823638067213759,1.1423159,1.0246345
pendulum,5,6,5,0.05299819422518106,2.169750133132438,1.3404775970572156,1.6006868,1.5650963
pendulum,5,4,10,0.05299819422518106,1.5036780526163427,0.8861806556386425,3.0733132,1.0740689
pendulum,6,6,2,0.12341732352487372,2.373598008810584,1.6633313060345218,1.4782357,1.2537045
pendulum,7,2,2,-0.15361041371584,0.5865946793471111,0.27443090818296834,0.21524237,0.36171225
pendulum,7,2,5,-0.15361041371584,0.5865946793471111,0.27443090818296834,0.1716314,0.36057305
pendulum,7,2,10,-0.15361041371584,0.5865946793471111,0.27443090818296834,0.93127567,0.35382545
pendulum,7,4,2,-0.15361041371584,1.13106445189152,0.6436173946617108,0.5881442,0.8326431
pendulum,0,6,10,-0.11224847013238984,1.661316201273259,1.0320255535421243,1.7950516,1.2960299
pendulum,1,6,10,0.23102236916462238,2.1397965188645114,1.3431364162953876,4.3427405,1.42382
pendulum,7,4,5,-0.15361041371584,1.13106445189152,0.6436173946617108,0.60689217,0.8318439
pendulum,7,6,2,-0.15361041371584,1.5777647152808036,0.8820597278772379,0.8862182,1.2155174
pendulum,6,4,10,0.12341732352487372,1.6070998092118909,0.8823638067213759,2.1699872,1.0276179
pendulum,6,6,5,0.12341732352487372,2.373598008810584,1.6633313060345218,1.6294296,1.2477221
pendulum,8,2,2,0.10591658490941135,0.6554665246311011,0.400096366435241,0.33702523,0.35789183
pendulum,8,2,5,0.10591658490941135,0.6554665246311011,0.400096366435241,0.5186963,0.35707474
pendulum,8,4,2,0.10591658490941135,1.2296214923314548,0.7652732747493332,0.7599922,0.8740273
pendulum,8,2,10,0.10591658490941135,0.6554665246311011,0.400096366435241,3.426223,0.35519388
pendulum,8,4,5,0.10591658490941135,1.2296214923314548,0.7652732747493332,0.82673115,0.8798216
pendulum,2,6,10,-0.22685668380060395,1.4135901376171593,0.7986173279561428,1.1332135,1.0580702
pendulum,8,6,2,0.10591658490941135,1.7821411638569546,1.0789294097168236,1.1278397,1.3103198
pendulum,7,6,5,-0.15361041371584,1.5777647152808036,0.8820597278772379,0.8233332,1.2014883
pendulum,9,2,2,0.19046580516867354,0.9076736963175251,0.482857542313864,0.49146453,0.4987338
pendulum,7,4,10,-0.15361041371584,1.13106445189152,0.6436173946617108,1.3263257,0.83739316
pendulum,9,2,5,0.19046580516867354,0.9076736963175251,0.482857542313864,0.83530056,0.49846986
pendulum,9,4,2,0.19046580516867354,1.5206300620417827,0.7466226618651466,0.8219036,0.94181806
pendulum,9,2,10,0.19046580516867354,0.9076736963175251,0.482857542313864,2.6150825,0.48626444
pendulum,9,4,5,0.19046580516867354,1.5206300620417827,0.7466226618651466,0.9780883,0.94724286
pendulum,8,6,5,0.10591658490941135,1.7821411638569546,1.0789294097168236,1.1872097,1.3070437
pendulum,9,6,2,0.19046580516867354,1.8066310140360218,1.0323489863603506,1.1302874,1.2305946
pendulum,8,4,10,0.10591658490941135,1.2296214923314548,0.7652732747493332,4.3433714,0.8728223
servo,0,2,2,0.29766894989858284,0.34554397576634,0.24537994682506878,0.13225079,0.14925334
servo,0,2,5,0.29766894989858284,0.34554397576634,0.24537994682506878,0.11675355,0.15680146
servo,0,4,2,0.29766894989858284,0.44825431521284514,0.2293139055602025,0.23898521,0.20104307
servo,0,2,10,0.29766894989858284,0.34554397576634,0.24537994682506878,0.14018852,0.1559473
servo,0,4,5,0.29766894989858284,0.44825431521284514,0.2293139055602025,0.2035647,0.1929611
servo,0,6,2,0.29766894989858284,1.725362257562595,1.207035702411578,0.54566085,0.40567222
pendulum,3,6,10,0.13292845411310972,1.9903072621646023,1.143895822888172,2.257272,1.4246728
pendulum,9,6,5,0.19046580516867354,1.8066310140360218,1.0323489863603506,1.1673001,1.2254775
pendulum,9,4,10,0.19046580516867354,1.5206300620417827,0.7466226618651466,3.117694,0.92841625
servo,1,2,2,1.3453192425797218,1.8181963624492827,1.6190438415318105,1.239184,0.9701556
servo,1,2,5,1.3453192425797218,1.8181963624492827,1.6190438415318105,1.7000722,0.9826651
pendulum,4,6,10,0.09204120997795676,1.3894954461327431,0.774575903177328,1.7215718,1.0393529
servo,1,2,10,1.3453192425797218,1.8181963624492827,1.6190438415318105,1.1484789,0.98802453
servo,1,4,2,1.3453192425797218,1.704314943256503,1.4152129860091138,1.1834284,0.74319726
servo,1,4,5,1.3453192425797218,1.704314943256503,1.4152129860091138,1.1590108,0.7395645
servo,1,6,2,1.3453192425797218,3.6106507887961086,4.070297124670125,1.9318583,0.76437336
servo,0,6,5,0.29766894989858284,1.725362257562595,1.207035702411578,0.70904845,0.4292912
servo,2,2,2,0.1477174689693332,0.456360559454712,0.2467189766656356,0.2188956,0.20450726
servo,0,4,10,0.29766894989858284,0.44825431521284514,0.2293139055602025,0.10455316,0.16724253
servo,2,2,5,0.1477174689693332,0.456360559454712,0.2467189766656356,0.22770707,0.21190847
servo,2,2,10,0.1477174689693332,0.456360559454712,0.2467189766656356,0.17685486,0.20341514
servo,2,4,2,0.1477174689693332,1.4050774646547393,1.0070144634112,0.55666935,0.3639196
servo,2,4,5,0.1477174689693332,1.4050774646547393,1.0070144634112,0.73683,0.40163767
servo,1,4,10,1.3453192425797218,1.704314943256503,1.4152129860091138,1.1836281,0.71646565
servo,2,6,2,0.1477174689693332,2.640252688837459,1.9092495849067055,1.0628569,0.44476002
servo,1,6,5,1.3453192425797218,3.6106507887961086,4.070297124670125,2.01189,0.7889643
servo,3,2,2,0.11144504710717552,0.06918575644597727,-0.06549788266748144,-0.068062924,0.013387287
servo,3,2,5,0.11144504710717552,0.06918575644597727,-0.06549788266748144,-0.18168373,0.004010004
servo,3,4,2,0.11144504710717552,0.3367936697566265,-0.1453842587655384,-0.112471834,0.1456149
servo,3,2,10,0.11144504710717552,0.06918575644597727,-0.06549788266748144,-0.24455144,0.00454322
pendulum,5,6,10,0.05299819422518106,2.169750133132438,1.3404775970572156,2.628461,1.5725261
servo,2,6,5,0.1477174689693332,2.640252688837459,1.9092495849067055,0.51382595,0.42968264
servo,2,4,10,0.1477174689693332,1.4050774646547393,1.0070144634112,1.1916432,0.45542955
servo,3,4,5,0.11144504710717552,0.3367936697566265,-0.1453842587655384,-0.14926602,0.12268257
pendulum,6,6,10,0.12341732352487372,2.373598008810584,1.6633313060345218,3.295573,1.2380401
servo,4,2,2,0.13230444161114033,0.1558378609138262,0.03563560010924784,0.07460014,0.08925396
servo,3,6,2,0.11144504710717552,0.8674106471757628,-0.020520284040520375,0.05706888,0.41110125
servo,4,2,5,0.13230444161114033,0.1558378609138262,0.03563560010924784,0.051605787,0.10860774
pendulum,7,6,10,-0.15361041371584,1.5777647152808036,0.8820597278772379,1.221315,1.1837549
servo,4,4,2,0.13230444161114033,1.3828317306416225,1.3700983239731603,0.2893755,0.1243319
servo,4,2,10,0.13230444161114033,0.1558378609138262,0.03563560010924784,-0.00057228876,0.11487422
servo,4,6,2,0.13230444161114033,2.168662721378923,1.235758241578918,0.33237597,0.18336433
servo,4,4,5,0.13230444161114033,1.3828317306416225,1.3700983239731603,0.28807428,0.10446324
servo,3,4,10,0.11144504710717552,0.3367936697566265,-0.1453842587655384,-0.23984791,0.094143756
servo,5,2,2,0.07882570460948432,0.36604254893144383,0.21551542253072814,0.18069245,0.20216781
servo,3,6,5,0.11144504710717552,0.8674106471757628,-0.020520284040520375,0.072739094,0.42023912
servo,5,2,5,0.07882570460948432,0.36604254893144383,0.21551542253072814,0.13305555,0.19989213
servo,5,4,2,0.07882570460948432,0.6483608225055443,0.37137781854211377,0.2800928,0.19503793
servo,5,2,10,0.07882570460948432,0.36604254893144383,0.21551542253072814,0.11033482,0.19244353
servo,5,4,5,0.07882570460948432,0.6483608225055443,0.37137781854211377,0.25821117,0.1891447
servo,4,6,5,0.13230444161114033,2.168662721378923,1.235758241578918,0.17522803,0.17119086
servo,5,6,2,0.07882570460948432,1.067566335621256,0.41399630580224983,0.25811383,0.38298056
pendulum,8,6,10,0.10591658490941135,1.7821411638569546,1.0789294097168236,2.6151366,1.3011037
servo,6,2,2,0.0541512347422288,0.44296960592583423,0.3420208347871334,0.34711954,0.3363467
servo,4,4,10,0.13230444161114033,1.3828317306416225,1.3700983239731603,0.16536543,0.04638195
servo,6,2,5,0.0541512347422288,0.44296960592583423,0.3420208347871334,0.31510893,0.3358318
pendulum,9,6,10,0.19046580516867354,1.8066310140360218,1.0323489863603506,3.0152757,1.2226628
servo,6,4,2,0.0541512347422288,0.9165382607297698,0.5926299127788368,0.21008107,0.166327
servo,6,2,10,0.0541512347422288,0.44296960592583423,0.3420208347871334,0.28510123,0.340648
servo,6,4,5,0.0541512347422288,0.9165382607297698,0.5926299127788368,0.09374442,0.103750005
servo,6,6,2,0.0541512347422288,2.1839426731748355,1.9145081611647314,0.55681473,0.49417743
servo,1,6,10,1.3453192425797218,3.6106507887961086,4.070297124670125,2.0728452,0.81013805
servo,7,2,2,-0.15627606815596662,-0.014765568433067394,-0.21466053002372956,-0.22708559,-0.0936686
servo,5,6,5,0.07882570460948432,1.067566335621256,0.41399630580224983,0.2294912,0.38186756
servo,5,4,10,0.07882570460948432,0.6483608225055443,0.37137781854211377,0.22512397,0.17020366
servo,7,2,5,-0.15627606815596662,-0.014765568433067394,-0.21466053002372956,-0.20939827,-0.091067284
servo,7,4,2,-0.15627606815596662,0.44219160794197215,-0.13701353213953363,-0.2065547,0.050615564
servo,7,2,10,-0.15627606815596662,-0.014765568433067394,-0.21466053002372956,-0.20440444,-0.10376086
servo,7,4,5,-0.15627606815596662,0.44219160794197215,-0.13701353213953363,-0.09494748,0.060288794
servo,6,6,5,0.0541512347422288,2.1839426731748355,1.9145081611647314,0.61771446,0.4858439
servo,7,6,2,-0.15627606815596662,0.8893655876354972,-0.02881439469432175,-0.16069828,0.27795362
servo,6,4,10,0.0541512347422288,0.9165382607297698,0.5926299127788368,0.11279036,0.08410347
servo,8,2,2,0.3132535257062063,0.7702101738479786,0.5966179105905673,0.26825327,0.23827356
servo,8,2,5,0.3132535257062063,0.7702101738479786,0.5966179105905673,0.26830065,0.23023614
servo,2,6,10,0.1477174689693332,2.640252688837459,1.9092495849067055,0.4399793,0.42560214
servo,0,6,10,0.29766894989858284,1.725362257562595,1.207035702411578,0.3915159,0.3932014
servo,8,4,2,0.3132535257062063,1.6482668917348153,1.313149011140744,0.81178176,0.33230066
servo,8,2,10,0.3132535257062063,0.7702101738479786,0.5966179105905673,0.3188045,0.23780358
servo,8,4,5,0.3132535257062063,1.6482668917348153,1.313149011140744,0.56587005,0.31387103
servo,8,6,2,0.3132535257062063,2.404408361758747,3.400856499920496,0.56922406,0.35562402
servo,9,2,2,-0.20609267987513535,0.27375004014527027,-0.17744923667028817,-0.04707089,-0.013625234
servo,7,6,5,-0.15627606815596662,0.8893655876354972,-0.02881439469432175,-0.20164715,0.27060553
servo,9,2,5,-0.20609267987513535,0.27375004014527027,-0.17744923667028817,-0.035393685,0.0028474927
servo,7,4,10,-0.15627606815596662,0.44219160794197215,-0.13701353213953363,-0.13763228,0.03376529
servo,9,2,10,-0.20609267987513535,0.27375004014527027,-0.17744923667028817,-0.11637312,-0.016367525
servo,9,4,2,-0.20609267987513535,0.5484542963074661,0.25172755333252966,0.17129011,0.240482
servo,9,4,5,-0.20609267987513535,0.5484542963074661,0.25172755333252966,0.12174198,0.22996452
servo,9,6,2,-0.20609267987513535,3.390266410847278,5.42000324989785,0.56259465,0.34394303
servo,3,6,10,0.11144504710717552,0.8674106471757628,-0.020520284040520375,-0.019410161,0.40576032
servo,8,6,5,0.3132535257062063,2.404408361758747,3.400856499920496,0.6873255,0.35024062
concrete,0,2,2,3.216374474383177,3.271102107644136,3.252664097934517,3.1932623,3.259447
servo,8,4,10,0.3132535257062063,1.6482668917348153,1.313149011140744,0.5251218,0.29994252
concrete,0,2,5,3.216374474383177,3.271102107644136,3.252664097934517,3.1295931,3.259744
concrete,0,2,10,3.216374474383177,3.271102107644136,3.252664097934517,3.1134264,3.2603152
concrete,0,4,2,3.216374474383177,3.3320991383790264,3.2971230794416346,3.2474647,3.312964
concrete,0,4,5,3.216374474383177,3.3320991383790264,3.2971230794416346,3.2776191,3.3126523
servo,9,4,10,-0.20609267987513535,0.5484542963074661,0.25172755333252966,0.05979991,0.21326107
concrete,0,6,2,3.216374474383177,3.374015604201046,3.322763413913526,3.2580323,3.3465369
servo,9,6,5,-0.20609267987513535,3.390266410847278,5.42000324989785,0.371932,0.3333469
concrete,1,2,2,3.2510622314246067,3.3128932924963266,3.2934768173819142,3.3244705,3.3019469
concrete,1,2,5,3.2510622314246067,3.3128932924963266,3.2934768173819142,3.2832518,3.3023777
concrete,1,2,10,3.2510622314246067,3.3128932924963266,3.2934768173819142,3.2619526,3.302351
concrete,1,4,2,3.2510622314246067,3.364939389912114,3.322516448516795,3.2932825,3.3438294
servo,4,6,10,0.13230444161114033,2.168662721378923,1.235758241578918,0.021446845,0.17042331
concrete,1,4,5,3.2510622314246067,3.364939389912114,3.322516448516795,3.2681885,3.34326
concrete,0,4,10,3.216374474383177,3.3320991383790264,3.2971230794416346,3.2321694,3.3122354
concrete,0,6,5,3.216374474383177,3.374015604201046,3.322763413913526,3.2694156,3.3467722
concrete,1,6,2,3.2510622314246067,3.3884055134465623,3.328089981258849,3.2961218,3.3587387
concrete,2,2,2,3.2407607194677492,3.282391368560299,3.2691379270174843,3.2501724,3.2743418
concrete,2,2,5,3.2407607194677492,3.282391368560299,3.2691379270174843,3.2170277,3.2738526
concrete,2,4,2,3.2407607194677492,3.339018614351473,3.305015280671787,3.2703722,3.3206942
concrete,2,2,10,3.2407607194677492,3.282391368560299,3.2691379270174843,3.1821861,3.2721536
concrete,2,4,5,3.2407607194677492,3.339018614351473,3.305015280671787,3.2684462,3.320536
servo,6,6,10,0.0541512347422288,2.1839426731748355,1.9145081611647314,0.83334106,0.49056652
concrete,2,6,2,3.2407607194677492,3.38386361199062,3.3320126373168435,3.2778707,3.354694
concrete,1,6,5,3.2510622314246067,3.3884055134465623,3.328089981258849,3.2902832,3.355862
servo,5,6,10,0.07882570460948432,1.067566335621256,0.41399630580224983,0.19676761,0.3733265
servo,7,6,10,-0.15627606815596662,0.8893655876354972,-0.02881439469432175,-0.11213878,0.26905203
concrete,3,2,2,3.244042702055246,3.315577203066474,3.3009828122925016,3.27675,3.3060973
concrete,1,4,10,3.2510622314246067,3.364939389912114,3.322516448516795,3.2844014,3.3439038
servo,8,6,10,0.3132535257062063,2.404408361758747,3.400856499920496,0.94711816,0.3432139
concrete,3,2,5,3.244042702055246,3.315577203066474,3.3009828122925016,3.2236183,3.3042188
concrete,3,4,2,3.244042702055246,3.3799818529537204,3.3502382818684686,3.3120747,3.3615084
concrete,3,2,10,3.244042702055246,3.315577203066474,3.3009828122925016,3.1992514,3.3044653
concrete,3,4,5,3.244042702055246,3.3799818529537204,3.3502382818684686,3.2811499,3.3584938
concrete,4,2,2,3.217350304392049,3.2736989048424086,3.25825061262062,3.2519495,3.268231
concrete,3,6,2,3.244042702055246,3.417049724913729,3.3699648117473893,3.330801,3.3934138
concrete,4,2,5,3.217350304392049,3.2736989048424086,3.25825061262062,3.2105258,3.2681684
concrete,2,6,5,3.2407607194677492,3.38386361199062,3.3320126373168435,3.2740798,3.3524086
concrete,4,2,10,3.217350304392049,3.2736989048424086,3.25825061262062,3.1532516,3.2682798
concrete,2,4,10,3.2407607194677492,3.339018614351473,3.305015280671787,3.255431,3.3176804
concrete,4,4,2,3.217350304392049,3.3397196920499614,3.303500509198049,3.2838562,3.3114085
concrete,4,4,5,3.217350304392049,3.3397196920499614,3.303500509198049,3.2802823,3.3112845
concrete,3,6,5,3.244042702055246,3.417049724913729,3.3699648117473893,3.3268466,3.3902771
concrete,4,6,2,3.217350304392049,3.3628828246490357,3.3214527122440822,3.2550485,3.338633
concrete,5,2,2,3.3085524201305043,3.372436995352556,3.3557068663202925,3.3399584,3.3551805
concrete,5,2,5,3.3085524201305043,3.372436995352556,3.3557068663202925,3.3176756,3.3550477
concrete,5,2,10,3.3085524201305043,3.372436995352556,3.3557068663202925,3.297895,3.3551648
concrete,3,4,10,3.244042702055246,3.3799818529537204,3.3502382818684686,3.2898898,3.3601573
concrete,5,4,2,3.3085524201305043,3.422205706059018,3.3916779887346635,3.3466928,3.3915894
servo,9,6,10,-0.20609267987513535,3.390266410847278,5.42000324989785,0.24782526,0.3164029
concrete,5,4,5,3.3085524201305043,3.422205706059018,3.3916779887346635,3.352405,3.3926
concrete,5,6,2,3.3085524201305043,3.453598760677165,3.4017841152562687,3.3719459,3.4072251
concrete,4,6,5,3.217350304392049,3.3628828246490357,3.3214527122440822,3.280336,3.338837
concrete,6,2,2,3.299120712173929,3.341645628620182,3.3250102337182152,3.316964,3.3241696
concrete,6,2,5,3.299120712173929,3.341645628620182,3.3250102337182152,3.2815456,3.321868
concrete,6,2,10,3.299120712173929,3.341645628620182,3.3250102337182152,3.245782,3.3217685
concrete,4,4,10,3.217350304392049,3.3397196920499614,3.303500509198049,3.2732775,3.3115904
concrete,6,4,2,3.299120712173929,3.3826221533010976,3.3459008548727396,3.2857227,3.349165
concrete,6,6,2,3.299120712173929,3.4135051119073228,3.362349390625709,3.3103034,3.3776011
concrete,6,4,5,3.299120712173929,3.3826221533010976,3.3459008548727396,3.2786043,3.3494773
concrete,5,6,5,3.3085524201305043,3.453598760677165,3.4017841152562687,3.375732,3.4082491
concrete,7,2,2,3.3982534295222817,3.450630009345651,3.4251046716607814,3.4108849,3.4247103
concrete,5,4,10,3.3085524201305043,3.422205706059018,3.3916779887346635,3.353707,3.391294
concrete,7,2,5,3.3982534295222817,3.450630009345651,3.4251046716607814,3.3997216,3.424464
concrete,7,2,10,3.3982534295222817,3.450630009345651,3.4251046716607814,3.403403,3.4247384
concrete,7,4,2,3.3982534295222817,3.467358660261281,3.424089999727548,3.398879,3.4308484
concrete,6,6,5,3.299120712173929,3.4135051119073228,3.362349390625709,3.3136485,3.3761098
concrete,7,4,5,3.3982534295222817,3.467358660261281,3.424089999727548,3.3910227,3.433752
concrete,6,4,10,3.299120712173929,3.3826221533010976,3.3459008548727396,3.2603636,3.3484738
concrete,7,6,2,3.3982534295222817,3.5039361611323465,3.439717477155196,3.4143162,3.4533007
concrete,8,2,2,3.1996375391827176,3.2555760484437224,3.231390120756103,3.1798387,3.241515
concrete,0,6,10,3.216374474383177,3.374015604201046,3.322763413913526,3.273546,3.3481286
concrete,8,2,5,3.1996375391827176,3.2555760484437224,3.231390120756103,3.1296594,3.2409935
concrete,8,2,10,3.1996375391827176,3.2555760484437224,3.231390120756103,3.04507,3.240784
concrete,8,4,2,3.1996375391827176,3.336264409580538,3.2840913893022505,3.2049146,3.3060794
concrete,7,6,5,3.3982534295222817,3.5039361611323465,3.439717477155196,3.4238865,3.4519405
concrete,8,4,5,3.1996375391827176,3.336264409580538,3.2840913893022505,3.2370484,3.3060043
concrete,8,6,2,3.1996375391827176,3.3809073778963126,3.3139761447142093,3.282607,3.3442585
concrete,7,4,10,3.3982534295222817,3.467358660261281,3.424089999727548,3.3837256,3.4341836
concrete,2,6,10,3.2407607194677492,3.38386361199062,3.3320126373168435,3.2870212,3.3530092
concrete,9,2,2,3.3001151420483548,3.351209642937033,3.3349540003485503,3.303175,3.3429222
concrete,9,2,5,3.3001151420483548,3.351209642937033,3.3349540003485503,3.2688508,3.3440626
concrete,1,6,10,3.2510622314246067,3.3884055134465623,3.328089981258849,3.2997034,3.3572993
concrete,9,4,2,3.3001151420483548,3.407462574561249,3.3681625847533376,3.3319895,3.3813303
concrete,9,4,5,3.3001151420483548,3.407462574561249,3.3681625847533376,3.2895265,3.379535
concrete,9,2,10,3.3001151420483548,3.351209642937033,3.3349540003485503,3.248232,3.3430643
concrete,9,6,2,3.3001151420483548,3.449319167423426,3.3962856212320296,3.3750422,3.4121592
concrete,8,4,10,3.1996375391827176,3.336264409580538,3.2840913893022505,3.1946228,3.3071573
concrete,8,6,5,3.1996375391827176,3.3809073778963126,3.3139761447142093,3.2455158,3.3466759
airfoil,0,2,2,2.4448170841484074,2.06019071571034,1.9543696903250278,1.910541,1.9493897
airfoil,0,2,5,2.4448170841484074,2.06019071571034,1.9543696903250278,1.9419868,1.9492725
airfoil,0,2,10,2.4448170841484074,2.06019071571034,1.9543696903250278,1.9058456,1.9500865
concrete,9,4,10,3.3001151420483548,3.407462574561249,3.3681625847533376,3.2777314,3.3779757
concrete,4,6,10,3.217350304392049,3.3628828246490357,3.3214527122440822,3.255914,3.3363416
airfoil,0,4,2,2.4448170841484074,2.362771297622641,2.110826898570092,2.095148,2.1357093
concrete,9,6,5,3.3001151420483548,3.449319167423426,3.3962856212320296,3.3629658,3.4074697
concrete,3,6,10,3.244042702055246,3.417049724913729,3.3699648117473893,3.3301554,3.3938065
airfoil,0,4,5,2.4448170841484074,2.362771297622641,2.110826898570092,2.0942576,2.13676
airfoil,1,2,2,2.4502608238909924,1.975163812526582,1.840354365695911,1.7921312,1.8290926
airfoil,0,6,2,2.4448170841484074,2.460461912512304,2.1117678706100635,2.141442,2.2253795
airfoil,1,2,5,2.4502608238909924,1.975163812526582,1.840354365695911,1.7642206,1.8309847
concrete,5,6,10,3.3085524201305043,3.453598760677165,3.4017841152562687,3.3761778,3.4061005
airfoil,1,2,10,2.4502608238909924,1.975163812526582,1.840354365695911,1.7482867,1.8307891
airfoil,1,4,2,2.4502608238909924,2.3058495476577576,2.092519231157764,2.071782,2.1221507
airfoil,1,4,5,2.4502608238909924,2.3058495476577576,2.092519231157764,2.0695403,2.1183531
airfoil,1,6,2,2.4502608238909924,2.491564060995375,2.2353530380109654,2.2477105,2.2925243
airfoil,0,4,10,2.4448170841484074,2.362771297622641,2.110826898570092,2.0762901,2.1358974
airfoil,0,6,5,2.4448170841484074,2.460461912512304,2.1117678706100635,2.1489592,2.2267296
airfoil,2,2,2,2.389573047976272,1.9343617247479923,1.8278070934395325,1.7416002,1.7900016
concrete,6,6,10,3.299120712173929,3.4135051119073228,3.362349390625709,3.3265457,3.3780117
airfoil,2,2,5,2.389573047976272,1.9343617247479923,1.8278070934395325,1.6969041,1.7902158
airfoil,2,2,10,2.389573047976272,1.9343617247479923,1.8278070934395325,1.6882303,1.7898159
airfoil,2,4,2,2.389573047976272,2.1434868301551786,1.9570402253807895,1.8635033,2.0166774
airfoil,2,4,5,2.389573047976272,2.1434868301551786,1.9570402253807895,1.8942508,2.0173512
airfoil,1,4,10,2.4502608238909924,2.3058495476577576,2.092519231157764,2.0602267,2.1183002
airfoil,2,6,2,2.389573047976272,2.2952482144201665,2.097196185536436,2.0206861,2.172738
airfoil,1,6,5,2.4502608238909924,2.491564060995375,2.2353530380109654,2.2343717,2.2718663
airfoil,3,2,2,2.4634767841829714,2.237788315655976,2.0851561358035586,1.9924612,2.0225444
airfoil,3,2,5,2.4634767841829714,2.237788315655976,2.0851561358035586,1.9929063,2.020512
concrete,7,6,10,3.3982534295222817,3.5039361611323465,3.439717477155196,3.4087448,3.452801
airfoil,3,2,10,2.4634767841829714,2.237788315655976,2.0851561358035586,2.0084865,2.023581
airfoil,3,4,2,2.4634767841829714,2.4531466033238973,2.2735092625540587,2.1708884,2.222384
airfoil,3,4,5,2.4634767841829714,2.4531466033238973,2.2735092625540587,2.1078048,2.2224944
airfoil,3,6,2,2.4634767841829714,2.61350350875639,2.4068646319406604,2.3315756,2.3121252
airfoil,2,6,5,2.389573047976272,2.2952482144201665,2.097196185536436,2.0572898,2.1706402
airfoil,4,2,2,2.5492729868750006,2.3512753212179947,2.1899669052664192,2.1252086,2.1187646
airfoil,2,4,10,2.389573047976272,2.1434868301551786,1.9570402253807895,1.8901529,2.0162058
airfoil,4,2,5,2.5492729868750006,2.3512753212179947,2.1899669052664192,2.1527598,2.1204653
airfoil,4,4,2,2.5492729868750006,2.6445094672213707,2.370447531676955,2.319087,2.2821195
airfoil,4,2,10,2.5492729868750006,2.3512753212179947,2.1899669052664192,2.071213,2.122855
concrete,8,6,10,3.1996375391827176,3.3809073778963126,3.3139761447142093,3.261966,3.3439503
airfoil,4,4,5,2.5492729868750006,2.6445094672213707,2.370447531676955,2.2810528,2.2859101
airfoil,3,6,5,2.4634767841829714,2.61350350875639,2.4068646319406604,2.3342872,2.316964
airfoil,3,4,10,2.4634767841829714,2.4531466033238973,2.2735092625540587,2.1476178,2.2158532
airfoil,4,6,2,2.5492729868750006,2.8608145070260225,2.5134544677888804,2.5171556,2.4435272
airfoil,5,2,2,2.4624506589245834,1.9737399230057882,1.8999924800484231,1.8591455,1.8956505
concrete,9,6,10,3.3001151420483548,3.449319167423426,3.3962856212320296,3.3705528,3.413211
airfoil,5,4,2,2.4624506589245834,2.250247614111406,2.0561441150909614,2.0309784,2.1322768
airfoil,5,2,5,2.4624506589245834,1.9737399230057882,1.8999924800484231,1.8313355,1.895498
airfoil,5,2,10,2.4624506589245834,1.9737399230057882,1.8999924800484231,1.8958054,1.8950065
airfoil,5,4,5,2.4624506589245834,2.250247614111406,2.0561441150909614,2.0223422,2.1315985
airfoil,4,6,5,2.5492729868750006,2.8608145070260225,2.5134544677888804,2.4981868,2.4415393
airfoil,5,6,2,2.4624506589245834,2.4443754581761117,2.135461991391353,2.126937,2.2663586
airfoil,6,2,2,2.452259238933197,1.9482314793410533,1.8390885260992234,1.7861215,1.8846608
airfoil,0,6,10,2.4448170841484074,2.460461912512304,2.1117678706100635,2.1232064,2.2124946
airfoil,4,4,10,2.5492729868750006,2.6445094672213707,2.370447531676955,2.3223536,2.2901158
airfoil,6,2,5,2.452259238933197,1.9482314793410533,1.8390885260992234,1.7611852,1.8849757
airfoil,6,2,10,2.452259238933197,1.9482314793410533,1.8390885260992234,1.7948649,1.882722
airfoil,6,4,2,2.452259238933197,2.211550149372276,2.014775602302521,1.9719123,2.1046166
airfoil,6,4,5,2.452259238933197,2.211550149372276,2.014775602302521,1.9745373,2.1037867
airfoil,6,6,2,2.452259238933197,2.3782523293962075,2.1095558242005947,2.1225436,2.2257183
airfoil,7,2,2,2.5117733385571266,2.1332060492532015,1.9250671553626137,1.877268,1.9351417
airfoil,5,6,5,2.4624506589245834,2.4443754581761117,2.135461991391353,2.1286435,2.2635732
airfoil,7,2,5,2.5117733385571266,2.1332060492532015,1.9250671553626137,1.9357132,1.9364738
airfoil,5,4,10,2.4624506589245834,2.250247614111406,2.0561441150909614,2.009103,2.1302543
airfoil,7,4,2,2.5117733385571266,2.311148047587179,2.0918893944319743,2.0465026,2.1396022
airfoil,7,2,10,2.5117733385571266,2.1332060492532015,1.9250671553626137,1.8896283,1.9330585
airfoil,1,6,10,2.4502608238909924,2.491564060995375,2.2353530380109654,2.2272942,2.268036
airfoil,6,4,10,2.452259238933197,2.211550149372276,2.014775602302521,1.9721403,2.1049476
airfoil,7,4,5,2.5117733385571266,2.311148047587179,2.0918893944319743,2.0273154,2.130817
airfoil,6,6,5,2.452259238933197,2.3782523293962075,2.1095558242005947,2.1494677,2.2240615
airfoil,7,6,2,2.5117733385571266,2.4704595671854466,2.166683679129038,2.1708412,2.254852
airfoil,8,2,2,2.4636232093635235,2.3528991429776664,2.1787321731443914,2.1172748,2.138199
airfoil,8,2,5,2.4636232093635235,2.3528991429776664,2.1787321731443914,2.1436014,2.1360059
airfoil,8,2,10,2.4636232093635235,2.3528991429776664,2.1787321731443914,2.1435955,2.136805
airfoil,8,4,2,2.4636232093635235,2.5193135019249002,2.2298149702180887,2.2260282,2.231598
airfoil,8,4,5,2.4636232093635235,2.5193135019249002,2.2298149702180887,2.2293348,2.2308612
airfoil,8,6,2,2.4636232093635235,2.5988927346055615,2.3004235734818304,2.3224456,2.3414996
airfoil,7,4,10,2.5117733385571266,2.311148047587179,2.0918893944319743,2.0601835,2.1320903
airfoil,3,6,10,2.4634767841829714,2.61350350875639,2.4068646319406604,2.3101718,2.3140426
airfoil,7,6,5,2.5117733385571266,2.4704595671854466,2.166683679129038,2.162335,2.250189
airfoil,9,2,2,2.4461128178993206,2.0566922548757933,1.9510676705839243,1.9061377,1.9457605
airfoil,9,2,5,2.4461128178993206,2.0566922548757933,1.9510676705839243,1.9018152,1.9495498
airfoil,9,2,10,2.4461128178993206,2.0566922548757933,1.9510676705839243,1.897298,1.9454749
airfoil,9,4,2,2.4461128178993206,2.3037016681468496,2.078676544469119,2.0605147,2.0798779
airfoil,9,4,5,2.4461128178993206,2.3037016681468496,2.078676544469119,2.0607126,2.0853221
airfoil,8,6,5,2.4636232093635235,2.5988927346055615,2.3004235734818304,2.3089929,2.3454652
airfoil,2,6,10,2.389573047976272,2.2952482144201665,2.097196185536436,1.9631127,2.166873
airfoil,8,4,10,2.4636232093635235,2.5193135019249002,2.2298149702180887,2.2369368,2.2317007
airfoil,4,6,10,2.5492729868750006,2.8608145070260225,2.5134544677888804,2.454811,2.4249923
airfoil,9,6,2,2.4461128178993206,2.428579547913921,2.1546794589155263,2.1418893,2.2564402
airfoil,5,6,10,2.4624506589245834,2.4443754581761117,2.135461991391353,2.1428556,2.2705655
airfoil,9,6,5,2.4461128178993206,2.428579547913921,2.1546794589155263,2.1466095,2.2431397
airfoil,9,4,10,2.4461128178993206,2.3037016681468496,2.078676544469119,2.0235958,2.0748763
airfoil,6,6,10,2.452259238933197,2.3782523293962075,2.1095558242005947,2.1019344,2.2173388
airfoil,7,6,10,2.5117733385571266,2.4704595671854466,2.166683679129038,2.1284537,2.2463949
airfoil,9,6,10,2.4461128178993206,2.428579547913921,2.1546794589155263,2.1403847,2.2397354
airfoil,8,6,10,2.4636232093635235,2.5988927346055615,2.3004235734818304,2.30871,2.345589
